出力日時,2021/06/09 14:35:51
データソース,VS1-4_LSV
表示対象ノード,Root\ECstat-301\LSV
Time(s),NodeTime(s),OutputVoltage(V),Current(A),Capacity(C)
3.372,0.100,-0.304,2E-06,1.96E-07
3.472,0.200,-0.303,3E-06,4.705E-07
3.572,0.300,-0.302,4E-06,7.34000000000002E-07
3.672,0.400,-0.301,2E-06,1.02E-06
3.772,0.500,-0.3,4E-06,1.327E-06
3.872,0.600,-0.299,4E-06,1.584E-06
3.972,0.700,-0.298,3E-06,1.87950000000001E-06
4.072,0.800,-0.297,4E-06,2.17500000000001E-06
4.172,0.900,-0.296,3E-06,2.5005E-06
4.272,1.000,-0.295,4E-06,2.79699999999999E-06
4.372,1.100,-0.294,5E-06,3.13049999999999E-06
4.472,1.200,-0.293,3E-06,3.41249999999999E-06
4.572,1.300,-0.292,2E-06,3.70999999999999E-06
4.672,1.400,-0.291,3E-06,4.04249999999998E-06
4.772,1.500,-0.29,5E-06,4.39349999999998E-06
4.872,1.600,-0.289,4E-06,4.75099999999998E-06
4.972,1.700,-0.288,4E-06,5.08299999999998E-06
5.072,1.800,-0.287,4E-06,5.43999999999998E-06
5.172,1.900,-0.286,3E-06,5.77049999999998E-06
5.272,2.000,-0.285,2E-06,6.13799999999998E-06
5.372,2.100,-0.284,4E-06,6.48699999999997E-06
5.472,2.200,-0.283,2E-06,6.84599999999996E-06
5.572,2.300,-0.282,6E-06,7.20699999999996E-06
5.672,2.400,-0.281,4E-06,7.59099999999995E-06
5.772,2.500,-0.28,4E-06,7.94499999999998E-06
5.872,2.600,-0.279,4E-06,8.30500000000001E-06
5.972,2.700,-0.278,4E-06,8.65600000000003E-06
6.072,2.800,-0.277,4E-06,9.04900000000006E-06
6.172,2.900,-0.276,3E-06,9.40450000000009E-06
6.272,3.000,-0.275,3E-06,9.79350000000012E-06
6.372,3.100,-0.274,2E-06,1.02050000000002E-05
6.472,3.200,-0.273,6E-06,1.06140000000002E-05
6.572,3.300,-0.272,4E-06,1.10250000000002E-05
6.672,3.400,-0.271,4E-06,1.14290000000002E-05
6.772,3.500,-0.27,3E-06,1.18135000000003E-05
6.872,3.600,-0.269,4E-06,1.22270000000003E-05
6.972,3.700,-0.268,4E-06,1.26260000000003E-05
7.072,3.800,-0.267,4E-06,1.30300000000004E-05
7.172,3.900,-0.266,5E-06,1.34485000000004E-05
7.272,4.000,-0.265,4E-06,1.38520000000004E-05
7.372,4.100,-0.264,6E-06,1.42660000000005E-05
7.472,4.200,-0.263,5E-06,1.47045000000005E-05
7.572,4.300,-0.262,6E-06,1.51180000000005E-05
7.672,4.400,-0.261,4E-06,1.55390000000006E-05
7.772,4.500,-0.26,4E-06,1.59770000000006E-05
7.872,4.600,-0.259,4E-06,1.64070000000006E-05
7.972,4.700,-0.258,4E-06,1.68980000000006E-05
8.072,4.800,-0.257,6E-06,1.73690000000006E-05
8.172,4.900,-0.256,5E-06,1.78025000000006E-05
8.272,5.000,-0.255,5E-06,1.82225000000007E-05
8.372,5.100,-0.254,5E-06,1.86795000000007E-05
8.472,5.200,-0.253,3E-06,1.91365000000007E-05
8.572,5.300,-0.252,4E-06,1.95740000000007E-05
8.672,5.400,-0.251,6E-06,2.00240000000007E-05
8.772,5.500,-0.25,5E-06,2.05115000000008E-05
8.872,5.600,-0.249,5E-06,2.09635000000008E-05
8.972,5.700,-0.248,6E-06,2.14230000000008E-05
9.072,5.800,-0.247,6E-06,2.19100000000008E-05
9.172,5.900,-0.246,5E-06,2.23745000000009E-05
9.272,6.000,-0.245,6E-06,2.28790000000009E-05
9.372,6.100,-0.244,5E-06,2.33575000000009E-05
9.472,6.200,-0.243,5E-06,2.38735000000009E-05
9.572,6.300,-0.242,5E-06,2.43655000000009E-05
9.672,6.400,-0.241,4E-06,2.48680000000009E-05
9.772,6.500,-0.24,5E-06,2.54045000000009E-05
9.872,6.600,-0.239,5E-06,2.59085000000009E-05
9.972,6.700,-0.238,6E-06,2.64350000000009E-05
10.072,6.800,-0.237,5E-06,2.69715000000009E-05
10.172,6.900,-0.236,3E-06,2.74955000000009E-05
10.272,7.000,-0.235,5E-06,2.80045000000009E-05
10.372,7.100,-0.234,5E-06,2.85225000000009E-05
10.472,7.200,-0.233,5E-06,2.90345000000009E-05
10.572,7.300,-0.232,5E-06,2.9553500000001E-05
10.672,7.400,-0.231,5E-06,3.0076500000001E-05
10.772,7.500,-0.23,6E-06,3.0617000000001E-05
10.872,7.600,-0.229,7E-06,3.1169500000001E-05
10.972,7.700,-0.228,6E-06,3.16810000000011E-05
11.072,7.800,-0.227,6E-06,3.2242000000001E-05
11.172,7.900,-0.226,4E-06,3.2777000000001E-05
11.272,8.000,-0.225,5E-06,3.3313500000001E-05
11.372,8.100,-0.224,7E-06,3.3903500000001E-05
11.472,8.200,-0.223,6E-06,3.44740000000011E-05
11.572,8.300,-0.222,5E-06,3.50285000000011E-05
11.672,8.400,-0.221,5E-06,3.55905000000011E-05
11.772,8.500,-0.22,6E-06,3.61710000000012E-05
11.872,8.600,-0.219,6E-06,3.67540000000012E-05
11.972,8.700,-0.218,7E-06,3.73315000000012E-05
12.072,8.800,-0.217,7E-06,3.79495000000012E-05
12.172,8.900,-0.216,6E-06,3.85280000000012E-05
12.272,9.000,-0.215,7E-06,3.91365000000013E-05
12.372,9.100,-0.214,7E-06,3.97195000000013E-05
12.472,9.200,-0.213,6E-06,4.03130000000013E-05
12.572,9.300,-0.212,5E-06,4.09455000000013E-05
12.672,9.400,-0.211,6E-06,4.15570000000013E-05
12.772,9.500,-0.21,6E-06,4.21650000000014E-05
12.872,9.600,-0.209,6E-06,4.27750000000014E-05
12.972,9.700,-0.208,5E-06,4.33705000000014E-05
13.072,9.800,-0.207,6E-06,4.39680000000014E-05
13.172,9.900,-0.206,6E-06,4.45770000000015E-05
13.272,10.000,-0.205,6E-06,4.52060000000015E-05
13.372,10.100,-0.204,6E-06,4.58280000000016E-05
13.472,10.200,-0.203,7E-06,4.64805000000016E-05
13.572,10.300,-0.202,8E-06,4.70990000000016E-05
13.672,10.400,-0.201,7E-06,4.77585000000016E-05
13.772,10.500,-0.2,7E-06,4.84045000000017E-05
13.872,10.600,-0.199,8E-06,4.90600000000017E-05
13.972,10.700,-0.198,7E-06,4.97555000000017E-05
14.072,10.800,-0.197,8E-06,5.03870000000017E-05
14.172,10.900,-0.196,8E-06,5.10420000000017E-05
14.272,11.000,-0.195,7E-06,5.17515000000017E-05
14.372,11.100,-0.194,8E-06,5.24340000000018E-05
14.472,11.200,-0.193,7E-06,5.30875000000018E-05
14.572,11.300,-0.192,6E-06,5.37340000000018E-05
14.672,11.400,-0.191,6E-06,5.43920000000018E-05
14.772,11.500,-0.19,8E-06,5.50820000000018E-05
14.872,11.600,-0.189,8E-06,5.57970000000019E-05
14.972,11.700,-0.188,9E-06,5.65055000000019E-05
15.072,11.800,-0.187,8E-06,5.72310000000018E-05
15.172,11.900,-0.186,7E-06,5.79215000000019E-05
15.272,12.000,-0.185,7E-06,5.86175000000019E-05
15.372,12.100,-0.184,9E-06,5.93345000000019E-05
15.472,12.200,-0.183,7E-06,6.00315000000019E-05
15.572,12.300,-0.182,6E-06,6.07410000000019E-05
15.672,12.400,-0.181,6E-06,6.14530000000019E-05
15.772,12.500,-0.18,6E-06,6.21930000000018E-05
15.872,12.600,-0.179,9E-06,6.29045000000018E-05
15.972,12.700,-0.178,7E-06,6.36315000000018E-05
16.072,12.800,-0.177,7E-06,6.44015000000017E-05
16.172,12.900,-0.176,7E-06,6.51445000000017E-05
16.272,13.000,-0.175,8E-06,6.59110000000016E-05
16.372,13.100,-0.174,7E-06,6.66355000000016E-05
16.472,13.200,-0.173,7E-06,6.74035000000014E-05
16.572,13.300,-0.172,8E-06,6.81700000000013E-05
16.672,13.400,-0.171,9E-06,6.89255000000011E-05
16.772,13.500,-0.17,6E-06,6.96880000000011E-05
16.872,13.600,-0.169,8E-06,7.04880000000008E-05
16.972,13.700,-0.168,8E-06,7.12550000000006E-05
17.072,13.800,-0.167,8E-06,7.20280000000004E-05
17.172,13.900,-0.166,8E-06,7.28110000000002E-05
17.272,14.000,-0.165,8E-06,7.3568E-05
17.372,14.100,-0.164,8E-06,7.4383E-05
17.472,14.200,-0.163,8E-06,7.51619999999998E-05
17.572,14.300,-0.162,7E-06,7.59624999999997E-05
17.672,14.400,-0.161,8E-06,7.67859999999995E-05
17.772,14.500,-0.16,8E-06,7.75639999999994E-05
17.872,14.600,-0.159,7E-06,7.83604999999991E-05
17.972,14.700,-0.158,9E-06,7.91784999999989E-05
18.072,14.800,-0.157,8E-06,7.99999999999987E-05
18.172,14.900,-0.156,9E-06,8.08224999999984E-05
18.272,15.000,-0.155,9E-06,8.16594999999981E-05
18.372,15.100,-0.154,8E-06,8.25159999999979E-05
18.472,15.200,-0.153,7E-06,8.33584999999977E-05
18.572,15.300,-0.152,8E-06,8.41909999999975E-05
18.672,15.400,-0.151,9E-06,8.50324999999971E-05
18.772,15.500,-0.15,8E-06,8.5896999999997E-05
18.872,15.600,-0.149,8E-06,8.67169999999968E-05
18.972,15.700,-0.148,1.1E-05,8.75444999999964E-05
19.072,15.800,-0.147,9E-06,8.84214999999962E-05
19.172,15.900,-0.146,9E-06,8.9290499999996E-05
19.272,16.000,-0.145,7E-06,9.01254999999957E-05
19.372,16.100,-0.144,9E-06,9.10174999999955E-05
19.472,16.200,-0.143,8E-06,9.18989999999953E-05
19.572,16.300,-0.142,9E-06,9.2771499999995E-05
19.672,16.400,-0.141,9E-06,9.36244999999948E-05
19.772,16.500,-0.14,8E-06,9.44859999999945E-05
19.872,16.600,-0.139,9E-06,9.53754999999942E-05
19.972,16.700,-0.138,9E-06,9.6255499999994E-05
20.072,16.800,-0.137,9E-06,9.71624999999938E-05
20.172,16.900,-0.136,1E-05,9.80559999999936E-05
20.272,17.000,-0.135,8E-06,9.89349999999933E-05
20.372,17.100,-0.134,7E-06,9.97904999999931E-05
20.472,17.200,-0.133,9E-06,0.000100680499999993
20.572,17.300,-0.132,1E-05,0.000101590999999993
20.672,17.400,-0.131,8E-06,0.000102463999999993
20.772,17.500,-0.13,1E-05,0.000103345999999992
20.872,17.600,-0.129,9E-06,0.000104253499999992
20.972,17.700,-0.128,8E-06,0.000105174999999992
21.072,17.800,-0.127,9E-06,0.000106061499999992
21.172,17.900,-0.126,1E-05,0.000107001999999991
21.272,18.000,-0.125,1E-05,0.000107921999999991
21.372,18.100,-0.124,1E-05,0.000108836999999991
21.472,18.200,-0.123,1E-05,0.000109791999999991
21.572,18.300,-0.122,9E-06,0.000110730499999991
21.672,18.400,-0.121,9E-06,0.00011166349999999
21.772,18.500,-0.12,9E-06,0.00011260749999999
21.872,18.600,-0.119,9E-06,0.00011356549999999
21.972,18.700,-0.118,1E-05,0.00011452799999999
22.072,18.800,-0.117,1E-05,0.00011547599999999
22.172,18.900,-0.116,1.1E-05,0.00011643549999999
22.272,19.000,-0.115,1E-05,0.000117400999999989
22.372,19.100,-0.114,1.1E-05,0.000118329499999989
22.472,19.200,-0.113,1.1E-05,0.000119301499999989
22.572,19.300,-0.112,1.2E-05,0.000120268999999989
22.672,19.400,-0.111,9E-06,0.000121256499999989
22.772,19.500,-0.11,1.1E-05,0.000122214499999989
22.872,19.600,-0.109,1E-05,0.000123161999999989
22.972,19.700,-0.108,1.1E-05,0.000124170499999989
23.072,19.800,-0.107,1.1E-05,0.000125156499999989
23.172,19.900,-0.106,1E-05,0.000126111999999989
23.272,20.000,-0.105,1E-05,0.000127094999999989
23.372,20.100,-0.104,1.2E-05,0.000128060999999989
23.472,20.200,-0.103,1.1E-05,0.000129063499999989
23.572,20.300,-0.102,1E-05,0.000130055999999989
23.672,20.400,-0.101,9E-06,0.000131038499999989
23.772,20.500,-0.1,1E-05,0.00013204299999999
23.872,20.600,-0.099,1E-05,0.00013306999999999
23.972,20.700,-0.098,1E-05,0.00013409899999999
24.072,20.800,-0.097,1E-05,0.00013512699999999
24.172,20.900,-0.096,1.1E-05,0.00013612249999999
24.272,21.000,-0.095,1E-05,0.00013713799999999
24.372,21.100,-0.094,1.1E-05,0.00013813749999999
24.472,21.200,-0.093,1.1E-05,0.00013917849999999
24.572,21.300,-0.092,1.1E-05,0.00014023949999999
24.672,21.400,-0.091,1E-05,0.00014129199999999
24.772,21.500,-0.09,1.1E-05,0.00014232749999999
24.872,21.600,-0.089,1.2E-05,0.000143375999999991
24.972,21.700,-0.088,1E-05,0.000144432999999991
25.072,21.800,-0.087,1E-05,0.000145480999999991
25.172,21.900,-0.086,1.2E-05,0.000146583999999991
25.272,22.000,-0.085,1.1E-05,0.000147668499999991
25.372,22.100,-0.084,9E-06,0.000148720499999991
25.472,22.200,-0.083,1.2E-05,0.000149804999999991
25.572,22.300,-0.082,9E-06,0.000150899499999992
25.672,22.400,-0.081,1E-05,0.000151926999999992
25.772,22.500,-0.08,1E-05,0.000153020999999992
25.872,22.600,-0.079,1.1E-05,0.000154093499999992
25.972,22.700,-0.078,1E-05,0.000155171999999992
26.072,22.800,-0.077,1.1E-05,0.000156265499999992
26.172,22.900,-0.076,1E-05,0.000157352999999993
26.272,23.000,-0.075,1E-05,0.000158433999999993
26.372,23.100,-0.074,9E-06,0.000159534499999993
26.472,23.200,-0.073,1E-05,0.000160580999999993
26.572,23.300,-0.072,1E-05,0.000161703999999993
26.672,23.400,-0.071,1.1E-05,0.000162776499999993
26.772,23.500,-0.07,1.2E-05,0.000163878999999994
26.872,23.600,-0.069,1E-05,0.000164964999999994
26.972,23.700,-0.068,1.1E-05,0.000166071499999994
27.072,23.800,-0.067,1.1E-05,0.000167216499999994
27.172,23.900,-0.066,1.1E-05,0.000168309499999994
27.272,24.000,-0.065,1.1E-05,0.000169448499999995
27.372,24.100,-0.064,1.2E-05,0.000170521999999995
27.472,24.200,-0.063,1.3E-05,0.000171608499999995
27.572,24.300,-0.062,1.1E-05,0.000172734499999995
27.672,24.400,-0.061,1.1E-05,0.000173854499999995
27.772,24.500,-0.06,1.1E-05,0.000175018499999995
27.872,24.600,-0.059,1.1E-05,0.000176094499999995
27.972,24.700,-0.058,1.2E-05,0.000177178999999996
28.072,24.800,-0.057,1.1E-05,0.000178292499999996
28.172,24.900,-0.056,1.2E-05,0.000179414999999996
28.272,25.000,-0.055,1.2E-05,0.000180519999999996
28.372,25.100,-0.054,1.2E-05,0.000181658999999996
28.472,25.200,-0.053,1.1E-05,0.000182766499999997
28.572,25.300,-0.052,1.2E-05,0.000183854999999997
28.672,25.400,-0.051,1.1E-05,0.000185001499999997
28.772,25.500,-0.05,1.2E-05,0.000186162999999997
28.872,25.600,-0.049,1.1E-05,0.000187296499999997
28.972,25.700,-0.048,1E-05,0.000188431999999998
29.072,25.800,-0.047,1.1E-05,0.000189576499999998
29.172,25.900,-0.046,1.3E-05,0.000190735499999998
29.272,26.000,-0.045,1.3E-05,0.000191921499999998
29.372,26.100,-0.044,1.2E-05,0.000193082999999998
29.472,26.200,-0.043,1.2E-05,0.000194245999999999
29.572,26.300,-0.042,1.1E-05,0.000195393499999999
29.672,26.400,-0.041,1.2E-05,0.000196557999999999
29.772,26.500,-0.04,1.1E-05,0.0001977495
29.872,26.600,-0.039,1.2E-05,0.000198959
29.972,26.700,-0.038,1.2E-05,0.000200145
30.072,26.800,-0.037,1.1E-05,0.0002013445
30.172,26.900,-0.036,1.3E-05,0.0002025325
30.272,27.000,-0.035,1.1E-05,0.000203732500000001
30.372,27.100,-0.034,1.2E-05,0.000204903000000001
30.472,27.200,-0.033,1.1E-05,0.000206077500000001
30.572,27.300,-0.032,1.1E-05,0.000207257500000001
30.672,27.400,-0.031,1.1E-05,0.000208436500000001
30.772,27.500,-0.03,1.3E-05,0.000209629500000002
30.872,27.600,-0.029,1.2E-05,0.000210865000000002
30.972,27.700,-0.028,1.1E-05,0.000212027500000002
31.072,27.800,-0.027,1.2E-05,0.000213205000000002
31.172,27.900,-0.026,1.2E-05,0.000214416000000003
31.272,28.000,-0.025,1.2E-05,0.000215636000000003
31.372,28.100,-0.024,1.2E-05,0.000216870000000003
31.472,28.200,-0.023,1.3E-05,0.000218099500000003
31.572,28.300,-0.022,1.2E-05,0.000219316000000003
31.672,28.400,-0.021,1.3E-05,0.000220521500000004
31.772,28.500,-0.02,1.3E-05,0.000221756500000004
31.872,28.600,-0.019,1.3E-05,0.000222995500000004
31.972,28.700,-0.018,1.3E-05,0.000224232500000004
32.072,28.800,-0.017,1.2E-05,0.000225504000000004
32.172,28.900,-0.016,1.1E-05,0.000226714500000004
32.272,29.000,-0.015,1.4E-05,0.000227962000000004
32.372,29.100,-0.014,1.2E-05,0.000229205000000004
32.472,29.200,-0.013,1.2E-05,0.000230430000000004
32.572,29.300,-0.012,1.4E-05,0.000231663000000004
32.672,29.400,-0.011,1.2E-05,0.000232958000000004
32.772,29.500,-0.01,1.1E-05,0.000234213500000004
32.872,29.600,-0.009,1.3E-05,0.000235417500000004
32.972,29.700,-0.008,1E-05,0.000236635000000004
33.072,29.800,-0.007,1.2E-05,0.000237847000000004
33.172,29.900,-0.006,1.3E-05,0.000239095500000005
33.272,30.000,-0.005,1.3E-05,0.000240358500000005
33.372,30.100,-0.004,1.2E-05,0.000241610000000005
33.472,30.200,-0.003,1.3E-05,0.000242834500000005
33.572,30.300,-0.002,1.2E-05,0.000244127000000005
33.672,30.400,-0.001,1.3E-05,0.000245384500000006
33.772,30.500,0,1.3E-05,0.000246643500000008
33.872,30.600,0.001,1.4E-05,0.000247908000000009
33.972,30.700,0.002,1.3E-05,0.000249186500000009
34.072,30.800,0.003,1.3E-05,0.00025045250000001
34.172,30.900,0.004,1.4E-05,0.00025172300000001
34.272,31.000,0.005,1.2E-05,0.000253006000000012
34.372,31.100,0.006,1.2E-05,0.000254265000000012
34.472,31.200,0.007,1.1E-05,0.000255513500000013
34.572,31.300,0.008,1.4E-05,0.000256796000000014
34.672,31.400,0.009,1.3E-05,0.000258078500000015
34.772,31.500,0.01,1.3E-05,0.000259362500000016
34.872,31.600,0.011,1.2E-05,0.000260643000000017
34.972,31.700,0.012,1.4E-05,0.000261917000000017
35.072,31.800,0.013,1.3E-05,0.000263220500000018
35.172,31.900,0.014,1.3E-05,0.000264501500000019
35.272,32.000,0.015,1.3E-05,0.000265744500000019
35.372,32.100,0.016,1.3E-05,0.000267014500000019
35.472,32.200,0.017,1.3E-05,0.000268326500000019
35.572,32.300,0.018,1.3E-05,0.000269659500000019
35.672,32.400,0.019,1.3E-05,0.000270935500000019
35.772,32.500,0.02,1.2E-05,0.000272256000000019
35.872,32.600,0.021,1.3E-05,0.000273578500000019
35.972,32.700,0.022,1.4E-05,0.000274884000000018
36.072,32.800,0.023,1.3E-05,0.000276179500000018
36.172,32.900,0.024,1.2E-05,0.000277492000000018
36.272,33.000,0.025,1.1E-05,0.000278781500000018
36.372,33.100,0.026,1.2E-05,0.000280047000000018
36.472,33.200,0.027,1.4E-05,0.000281368000000017
36.572,33.300,0.028,1.3E-05,0.000282682500000017
36.672,33.400,0.029,1.5E-05,0.000284036500000017
36.772,33.500,0.03,1.5E-05,0.000285352500000016
36.872,33.600,0.031,1.5E-05,0.000286696500000016
36.972,33.700,0.032,1.3E-05,0.000288056500000015
37.072,33.800,0.033,1.4E-05,0.000289357000000015
37.172,33.900,0.034,1.3E-05,0.000290666500000015
37.272,34.000,0.035,1.3E-05,0.000291975500000014
37.372,34.100,0.036,1.2E-05,0.000293321000000014
37.472,34.200,0.037,1.3E-05,0.000294664500000014
37.572,34.300,0.038,1.2E-05,0.000295995000000013
37.672,34.400,0.039,1.3E-05,0.000297281500000013
37.772,34.500,0.04,1.3E-05,0.000298601500000013
37.872,34.600,0.041,1.5E-05,0.000299966500000012
37.972,34.700,0.042,1.3E-05,0.000301332500000011
38.072,34.800,0.043,1.3E-05,0.000302671500000011
38.172,34.900,0.044,1.3E-05,0.000303996500000011
38.272,35.000,0.045,1.3E-05,0.000305327500000011
38.372,35.100,0.046,1.4E-05,0.00030663600000001
38.472,35.200,0.047,1.4E-05,0.00030796400000001
38.572,35.300,0.048,1.4E-05,0.000309329000000009
38.672,35.400,0.049,1.3E-05,0.000310651500000009
38.772,35.500,0.05,1.4E-05,0.000311964000000009
38.872,35.600,0.051,1.5E-05,0.000313311500000008
38.972,35.700,0.052,1.4E-05,0.000314651000000008
39.072,35.800,0.053,1.4E-05,0.000315991000000007
39.172,35.900,0.054,1.3E-05,0.000317332500000007
39.272,36.000,0.055,1.5E-05,0.000318711500000006
39.372,36.100,0.056,1.5E-05,0.000320100500000005
39.472,36.200,0.057,1.3E-05,0.000321480500000004
39.572,36.300,0.058,1.4E-05,0.000322854000000004
39.672,36.400,0.059,1.4E-05,0.000324225000000003
39.772,36.500,0.06,1.2E-05,0.000325611000000003
39.872,36.600,0.061,1.2E-05,0.000326984000000002
39.972,36.700,0.062,1.4E-05,0.000328340000000001
40.072,36.800,0.063,1.4E-05,0.000329723000000001
40.172,36.900,0.064,1.4E-05,0.000331097
40.272,37.000,0.065,1.3E-05,0.000332483499999999
40.372,37.100,0.066,1.3E-05,0.000333834499999998
40.472,37.200,0.067,1.4E-05,0.000335194999999998
40.572,37.300,0.068,1.4E-05,0.000336590999999997
40.672,37.400,0.069,1.4E-05,0.000337967999999996
40.772,37.500,0.07,1.3E-05,0.000339327499999996
40.872,37.600,0.071,1.4E-05,0.000340716999999995
40.972,37.700,0.072,1.5E-05,0.000342113499999994
41.072,37.800,0.073,1.4E-05,0.000343500999999994
41.172,37.900,0.074,1.4E-05,0.000344881999999993
41.272,38.000,0.075,1.3E-05,0.000346262499999992
41.372,38.100,0.076,1.4E-05,0.000347657999999992
41.472,38.200,0.077,1.4E-05,0.000349076999999991
41.572,38.300,0.078,1.4E-05,0.00035046899999999
41.672,38.400,0.079,1.5E-05,0.00035188349999999
41.772,38.500,0.08,1.3E-05,0.000353347499999989
41.872,38.600,0.081,1.4E-05,0.000354752999999988
41.972,38.700,0.082,1.5E-05,0.000356172499999988
42.072,38.800,0.083,1.4E-05,0.000357607999999987
42.172,38.900,0.084,1.4E-05,0.000358982999999987
42.272,39.000,0.085,1.5E-05,0.000360381499999986
42.372,39.100,0.086,1.5E-05,0.000361789499999985
42.472,39.200,0.087,1.4E-05,0.000363205999999984
42.572,39.300,0.088,1.5E-05,0.000364655499999984
42.672,39.400,0.089,1.4E-05,0.000366039999999983
42.772,39.500,0.09,1.4E-05,0.000367509999999983
42.872,39.600,0.091,1.6E-05,0.000368935999999982
42.972,39.700,0.092,1.3E-05,0.000370359499999982
43.072,39.800,0.093,1.4E-05,0.000371798999999981
43.172,39.900,0.094,1.5E-05,0.000373235499999981
43.272,40.000,0.095,1.5E-05,0.00037467249999998
43.372,40.100,0.096,1.3E-05,0.00037610649999998
43.472,40.200,0.097,1.5E-05,0.000377540499999979
43.572,40.300,0.098,1.4E-05,0.000379009999999979
43.672,40.400,0.099,1.4E-05,0.000380431999999978
43.772,40.500,0.1,1.4E-05,0.000381899999999977
43.872,40.600,0.101,1.4E-05,0.000383339999999977
43.972,40.700,0.102,1.4E-05,0.000384762999999976
44.072,40.800,0.103,1.5E-05,0.000386230499999976
44.172,40.900,0.104,1.3E-05,0.000387649499999975
44.272,41.000,0.105,1.4E-05,0.000389087999999975
44.372,41.100,0.106,1.5E-05,0.000390554499999975
44.472,41.200,0.107,1.6E-05,0.000391998999999974
44.572,41.300,0.108,1.4E-05,0.000393426999999973
44.672,41.400,0.109,1.5E-05,0.000394898499999973
44.772,41.500,0.11,1.5E-05,0.000396339499999973
44.872,41.600,0.111,1.4E-05,0.000397823999999972
44.972,41.700,0.112,1.5E-05,0.000399281499999972
45.072,41.800,0.113,1.4E-05,0.000400767999999971
45.172,41.900,0.114,1.5E-05,0.000402241499999971
45.272,42.000,0.115,1.5E-05,0.000403730499999971
45.372,42.100,0.116,1.4E-05,0.00040518299999997
45.472,42.200,0.117,1.6E-05,0.00040664699999997
45.572,42.300,0.118,1.6E-05,0.00040816299999997
45.672,42.400,0.119,1.6E-05,0.00040964899999997
45.772,42.500,0.12,1.6E-05,0.00041112799999997
45.872,42.600,0.121,1.4E-05,0.00041264699999997
45.972,42.700,0.122,1.6E-05,0.00041412499999997
46.072,42.800,0.123,1.4E-05,0.00041563499999997
46.172,42.900,0.124,1.4E-05,0.00041711599999997
46.272,43.000,0.125,1.5E-05,0.00041860249999997
46.372,43.100,0.126,1.6E-05,0.00042006199999997
46.472,43.200,0.127,1.5E-05,0.00042158549999997
46.572,43.300,0.128,1.5E-05,0.00042307349999997
46.672,43.400,0.129,1.6E-05,0.00042455099999997
46.772,43.500,0.13,1.6E-05,0.00042606599999997
46.872,43.600,0.131,1.5E-05,0.00042754949999997
46.972,43.700,0.132,1.4E-05,0.00042903299999997
47.072,43.800,0.133,1.5E-05,0.000430580499999971
47.172,43.900,0.134,1.6E-05,0.000432119999999971
47.272,44.000,0.135,1.5E-05,0.000433574499999971
47.372,44.100,0.136,1.5E-05,0.000435112499999971
47.472,44.200,0.137,1.7E-05,0.000436625499999971
47.572,44.300,0.138,1.6E-05,0.000438171999999971
47.672,44.400,0.139,1.6E-05,0.000439704999999971
47.772,44.500,0.14,1.5E-05,0.000441197499999971
47.872,44.600,0.141,1.5E-05,0.000442697499999971
47.972,44.700,0.142,1.3E-05,0.000444188499999971
48.072,44.800,0.143,1.3E-05,0.000445727499999972
48.172,44.900,0.144,1.4E-05,0.000447170999999972
48.272,45.000,0.145,1.6E-05,0.000448678999999972
48.372,45.100,0.146,1.7E-05,0.000450206499999972
48.472,45.200,0.147,1.5E-05,0.000451730499999972
48.572,45.300,0.148,1.5E-05,0.000453234499999972
48.672,45.400,0.149,1.6E-05,0.000454777999999973
48.772,45.500,0.15,1.7E-05,0.000456307499999973
48.872,45.600,0.151,1.7E-05,0.000457855499999974
48.972,45.700,0.152,1.5E-05,0.000459374499999973
49.072,45.800,0.153,1.6E-05,0.000460914999999974
49.172,45.900,0.154,1.6E-05,0.000462452999999974
49.272,46.000,0.155,1.7E-05,0.000464005499999974
49.372,46.100,0.156,1.7E-05,0.000465565499999975
49.472,46.200,0.157,1.5E-05,0.000467103499999975
49.572,46.300,0.158,1.6E-05,0.000468630999999975
49.672,46.400,0.159,1.5E-05,0.000470135499999975
49.772,46.500,0.16,1.6E-05,0.000471673999999975
49.872,46.600,0.161,1.6E-05,0.000473233999999975
49.972,46.700,0.162,1.6E-05,0.000474799999999976
50.072,46.800,0.163,1.6E-05,0.000476381999999976
50.172,46.900,0.164,1.6E-05,0.000477908999999976
50.272,47.000,0.165,1.6E-05,0.000479475999999977
50.372,47.100,0.166,1.6E-05,0.000481040999999977
50.472,47.200,0.167,1.6E-05,0.000482605999999978
50.572,47.300,0.168,1.5E-05,0.000484187499999978
50.672,47.400,0.169,1.6E-05,0.000485782999999979
50.772,47.500,0.17,1.7E-05,0.000487364499999979
50.872,47.600,0.171,1.6E-05,0.000488977999999978
50.972,47.700,0.172,1.6E-05,0.000490585999999976
51.072,47.800,0.173,1.7E-05,0.000492178499999973
51.172,47.900,0.174,1.7E-05,0.000493767499999971
51.272,48.000,0.175,1.6E-05,0.000495352999999968
51.372,48.100,0.176,1.6E-05,0.000496926999999966
51.472,48.200,0.177,1.6E-05,0.000498491999999964
51.572,48.300,0.178,1.6E-05,0.000500085999999961
51.672,48.400,0.179,1.6E-05,0.000501688999999959
51.772,48.500,0.18,1.4E-05,0.000503252999999956
51.872,48.600,0.181,1.6E-05,0.000504846999999954
51.972,48.700,0.182,1.7E-05,0.000506423499999951
52.072,48.800,0.183,1.6E-05,0.000508021999999949
52.172,48.900,0.184,1.6E-05,0.000509593999999946
52.272,49.000,0.185,1.6E-05,0.000511205999999943
52.372,49.100,0.186,1.8E-05,0.000512807999999941
52.472,49.200,0.187,1.5E-05,0.000514387499999939
52.572,49.300,0.188,1.8E-05,0.000516005999999937
52.672,49.400,0.189,1.6E-05,0.000517646999999935
52.772,49.500,0.19,1.6E-05,0.000519254999999933
52.872,49.600,0.191,1.8E-05,0.00052085599999993
52.972,49.700,0.192,1.6E-05,0.000522496999999928
53.072,49.800,0.193,1.7E-05,0.000524144499999926
53.172,49.900,0.194,1.7E-05,0.000525793499999924
53.272,50.000,0.195,1.5E-05,0.000527393499999922
53.372,50.100,0.196,1.6E-05,0.000528988999999919
53.472,50.200,0.197,1.7E-05,0.000530600499999917
53.572,50.300,0.198,1.6E-05,0.000532219999999914
53.672,50.400,0.199,1.6E-05,0.000533829999999912
53.772,50.500,0.2,1.6E-05,0.00053544999999991
53.872,50.600,0.201,1.7E-05,0.000537051499999907
53.972,50.700,0.202,1.7E-05,0.000538680499999905
54.072,50.800,0.203,1.6E-05,0.000540307999999903
54.172,50.900,0.204,1.6E-05,0.0005419219999999
54.272,51.000,0.205,1.5E-05,0.000543553499999898
54.372,51.100,0.206,1.8E-05,0.000545197999999897
54.472,51.200,0.207,1.6E-05,0.000546850999999895
54.572,51.300,0.208,1.6E-05,0.000548462999999893
54.672,51.400,0.209,1.8E-05,0.000550139999999892
54.772,51.500,0.21,1.6E-05,0.00055177799999989
54.872,51.600,0.211,1.8E-05,0.000553431999999888
54.972,51.700,0.212,1.7E-05,0.000555081499999887
55.072,51.800,0.213,1.7E-05,0.000556748499999885
55.172,51.900,0.214,1.7E-05,0.000558404499999883
55.272,52.000,0.215,1.5E-05,0.000560052499999882
55.372,52.100,0.216,1.6E-05,0.00056169499999988
55.472,52.200,0.217,1.8E-05,0.000563368999999878
55.572,52.300,0.218,1.6E-05,0.000565015999999876
55.672,52.400,0.219,1.6E-05,0.000566674999999875
55.772,52.500,0.22,1.5E-05,0.000568328499999873
55.872,52.600,0.221,1.7E-05,0.000570003499999871
55.972,52.700,0.222,1.7E-05,0.00057168249999987
56.072,52.800,0.223,1.6E-05,0.000573326999999869
56.172,52.900,0.224,1.8E-05,0.000575002999999867
56.272,53.000,0.225,1.7E-05,0.000576668499999866
56.372,53.100,0.226,1.7E-05,0.000578354499999864
56.472,53.200,0.227,1.7E-05,0.000580038499999863
56.572,53.300,0.228,1.8E-05,0.000581720999999862
56.672,53.400,0.229,1.7E-05,0.00058337349999986
56.772,53.500,0.23,1.8E-05,0.000585037999999858
56.872,53.600,0.231,1.5E-05,0.000586724499999857
56.972,53.700,0.232,1.7E-05,0.000588429499999855
57.072,53.800,0.233,1.8E-05,0.000590134999999854
57.172,53.900,0.234,1.7E-05,0.000591809499999853
57.272,54.000,0.235,1.7E-05,0.000593497499999852
57.372,54.100,0.236,1.7E-05,0.000595175499999851
57.472,54.200,0.237,1.6E-05,0.00059688399999985
57.572,54.300,0.238,1.7E-05,0.000598545499999848
57.672,54.400,0.239,1.6E-05,0.000600258999999847
57.772,54.500,0.24,1.9E-05,0.000601983499999846
57.872,54.600,0.241,1.8E-05,0.000603675999999844
57.972,54.700,0.242,1.7E-05,0.000605392499999843
58.072,54.800,0.243,1.8E-05,0.000607102999999842
58.172,54.900,0.244,1.8E-05,0.000608822999999841
58.272,55.000,0.245,1.6E-05,0.00061054899999984
58.372,55.100,0.246,1.8E-05,0.000612246999999839
58.472,55.200,0.247,1.8E-05,0.000613922999999838
58.572,55.300,0.248,1.7E-05,0.000615634499999837
58.672,55.400,0.249,1.8E-05,0.000617352999999836
58.772,55.500,0.25,1.7E-05,0.000619074499999835
58.872,55.600,0.251,1.7E-05,0.000620818499999834
58.972,55.700,0.252,1.7E-05,0.000622530499999833
59.072,55.800,0.253,1.8E-05,0.000624239999999832
59.172,55.900,0.254,1.7E-05,0.000625957499999831
59.272,56.000,0.255,1.7E-05,0.00062770349999983
59.372,56.100,0.256,1.7E-05,0.00062945849999983
59.472,56.200,0.257,1.9E-05,0.000631214499999829
59.572,56.300,0.258,1.7E-05,0.000632908499999828
59.672,56.400,0.259,1.7E-05,0.000634665499999827
59.772,56.500,0.26,1.7E-05,0.000636421499999827
59.872,56.600,0.261,1.8E-05,0.000638165999999826
59.972,56.700,0.262,1.7E-05,0.000639916499999826
60.072,56.800,0.263,1.9E-05,0.000641643499999825
60.172,56.900,0.264,1.8E-05,0.000643407999999825
60.272,57.000,0.265,1.7E-05,0.000645174499999824
60.372,57.100,0.266,1.7E-05,0.000646938499999824
60.472,57.200,0.267,1.8E-05,0.000648669999999823
60.572,57.300,0.268,1.9E-05,0.000650445499999822
60.672,57.400,0.269,1.7E-05,0.000652191499999822
60.772,57.500,0.27,1.8E-05,0.000653953999999821
60.872,57.600,0.271,1.8E-05,0.00065572499999982
60.972,57.700,0.272,1.7E-05,0.00065748549999982
61.072,57.800,0.273,1.8E-05,0.000659240999999819
61.172,57.900,0.274,1.8E-05,0.000661006999999819
61.272,58.000,0.275,1.7E-05,0.000662793499999818
61.372,58.100,0.276,1.7E-05,0.000664561499999818
61.472,58.200,0.277,1.8E-05,0.000666301999999817
61.572,58.300,0.278,1.9E-05,0.000668073499999817
61.672,58.400,0.279,1.8E-05,0.000669870999999817
61.772,58.500,0.28,1.7E-05,0.000671661499999816
61.872,58.600,0.281,1.6E-05,0.000673415999999815
61.972,58.700,0.282,1.8E-05,0.000675237999999816
62.072,58.800,0.283,1.9E-05,0.000677038499999815
62.172,58.900,0.284,1.7E-05,0.000678842499999815
62.272,59.000,0.285,1.6E-05,0.000680588999999814
62.372,59.100,0.286,1.9E-05,0.000682350499999813
62.472,59.200,0.287,1.8E-05,0.000684136999999813
62.572,59.300,0.288,1.9E-05,0.000685988499999813
62.672,59.400,0.289,1.7E-05,0.000687801499999813
62.772,59.500,0.29,1.8E-05,0.000689609999999813
62.872,59.600,0.291,1.7E-05,0.000691409499999813
62.972,59.700,0.292,1.8E-05,0.000693203999999813
63.072,59.800,0.293,1.7E-05,0.000695025499999813
63.172,59.900,0.294,1.8E-05,0.000696853999999813
63.272,60.000,0.295,1.8E-05,0.000698696999999813
63.372,60.100,0.296,1.9E-05,0.000700551499999813
63.472,60.200,0.297,1.8E-05,0.000702392999999813
63.572,60.300,0.298,1.8E-05,0.000704196999999813
63.672,60.400,0.299,1.9E-05,0.000706046499999813
63.772,60.500,0.3,1.8E-05,0.000707855999999812
63.872,60.600,0.301,1.8E-05,0.000709665999999812
63.972,60.700,0.302,1.9E-05,0.000711491499999812
64.072,60.800,0.303,1.9E-05,0.000713349499999812
64.172,60.900,0.304,2E-05,0.000715163999999812
64.272,61.000,0.305,1.9E-05,0.000717016499999812
64.372,61.100,0.306,1.9E-05,0.000718814499999812
64.472,61.200,0.307,1.8E-05,0.000720650999999812
64.572,61.300,0.308,1.7E-05,0.000722473499999812
64.672,61.400,0.309,1.8E-05,0.000724309999999811
64.772,61.500,0.31,1.8E-05,0.000726136999999811
64.872,61.600,0.311,2.1E-05,0.000727947499999811
64.972,61.700,0.312,1.8E-05,0.000729816999999811
65.072,61.800,0.313,2E-05,0.000731689999999812
65.172,61.900,0.314,1.8E-05,0.000733522999999812
65.272,62.000,0.315,1.9E-05,0.000735410499999812
65.372,62.100,0.316,1.9E-05,0.000737252499999812
65.472,62.200,0.317,2E-05,0.000739150999999813
65.572,62.300,0.318,1.9E-05,0.000740994499999813
65.672,62.400,0.319,1.9E-05,0.000742835499999813
65.772,62.500,0.32,1.9E-05,0.000744739499999813
65.872,62.600,0.321,2E-05,0.000746630999999814
65.972,62.700,0.322,2E-05,0.000748525999999814
66.072,62.800,0.323,1.8E-05,0.000750390999999814
66.172,62.900,0.324,1.9E-05,0.000752264499999815
66.272,63.000,0.325,2E-05,0.000754162999999815
66.372,63.100,0.326,1.9E-05,0.000756080499999816
66.472,63.200,0.327,2E-05,0.000757984999999817
66.572,63.300,0.328,1.9E-05,0.000759889499999817
66.672,63.400,0.329,1.8E-05,0.000761779999999817
66.772,63.500,0.33,2.1E-05,0.000763697499999818
66.872,63.600,0.331,2E-05,0.000765617999999819
66.972,63.700,0.332,1.9E-05,0.00076753049999982
67.072,63.800,0.333,1.9E-05,0.00076944349999982
67.172,63.900,0.334,2E-05,0.000771358999999821
67.272,64.000,0.335,1.9E-05,0.000773235499999821
67.372,64.100,0.336,2E-05,0.000775118999999822
67.472,64.200,0.337,1.9E-05,0.000777020499999823
67.572,64.300,0.338,1.8E-05,0.000778913999999823
67.672,64.400,0.339,1.9E-05,0.000780832499999823
67.772,64.500,0.34,1.8E-05,0.000782751999999824
67.872,64.600,0.341,1.9E-05,0.000784652499999824
67.972,64.700,0.342,2E-05,0.000786595999999825
68.072,64.800,0.343,1.9E-05,0.000788523499999826
68.172,64.900,0.344,2E-05,0.000790450999999826
68.272,65.000,0.345,2E-05,0.000792385999999827
68.372,65.100,0.346,1.9E-05,0.000794321499999827
68.472,65.200,0.347,1.9E-05,0.000796212499999828
68.572,65.300,0.348,2.1E-05,0.000798148499999828
68.672,65.400,0.349,1.9E-05,0.000800112499999828
68.772,65.500,0.35,2E-05,0.000802051999999829
68.872,65.600,0.351,1.9E-05,0.000804027499999829
68.972,65.700,0.352,2E-05,0.000805934999999829
69.072,65.800,0.353,1.9E-05,0.000807905499999829
69.172,65.900,0.354,2E-05,0.000809872999999829
69.272,66.000,0.355,1.9E-05,0.00081181149999983
69.372,66.100,0.356,2E-05,0.00081376599999983
69.472,66.200,0.357,2E-05,0.000815735999999831
69.572,66.300,0.358,2E-05,0.00081771599999983
69.672,66.400,0.359,2E-05,0.00081969299999983
69.772,66.500,0.36,2E-05,0.000821684999999831
69.872,66.600,0.361,2.1E-05,0.000823673499999831
69.972,66.700,0.362,1.9E-05,0.000825685499999831
70.072,66.800,0.363,2.1E-05,0.000827681499999832
70.172,66.900,0.364,1.9E-05,0.000829678499999832
70.272,67.000,0.365,2E-05,0.000831637999999832
70.372,67.100,0.366,2E-05,0.000833667999999831
70.472,67.200,0.367,2E-05,0.000835669999999831
70.572,67.300,0.368,1.9E-05,0.000837695499999831
70.672,67.400,0.369,2E-05,0.000839707999999831
70.772,67.500,0.37,2E-05,0.000841718999999831
70.872,67.600,0.371,2E-05,0.000843703999999831
70.972,67.700,0.372,2E-05,0.000845731999999832
71.072,67.800,0.373,2.1E-05,0.000847767499999832
71.172,67.900,0.374,2.1E-05,0.000849822499999832
71.272,68.000,0.375,2.2E-05,0.000851858999999832
71.372,68.100,0.376,2.1E-05,0.000853882499999832
71.472,68.200,0.377,1.9E-05,0.000855905499999832
71.572,68.300,0.378,2.2E-05,0.000857918999999832
71.672,68.400,0.379,2.1E-05,0.000859931499999831
71.772,68.500,0.38,2.2E-05,0.000861974999999831
71.872,68.600,0.381,1.9E-05,0.000863982499999831
71.972,68.700,0.382,2.1E-05,0.000866016499999831
72.072,68.800,0.383,2E-05,0.000868039999999832
72.172,68.900,0.384,2.1E-05,0.000870092499999831
72.272,69.000,0.385,2.1E-05,0.000872156499999831
72.372,69.100,0.386,2E-05,0.000874253999999832
72.472,69.200,0.387,2.3E-05,0.000876326499999832
72.572,69.300,0.388,2.2E-05,0.000878404999999832
72.672,69.400,0.389,2.1E-05,0.000880428499999832
72.772,69.500,0.39,2E-05,0.000882508999999832
72.872,69.600,0.391,2.2E-05,0.000884579999999832
72.972,69.700,0.392,2.1E-05,0.000886690499999833
73.072,69.800,0.393,2.1E-05,0.000888745499999832
73.172,69.900,0.394,2.2E-05,0.000890854999999833
73.272,70.000,0.395,2.2E-05,0.000892979999999834
73.372,70.100,0.396,2E-05,0.000895056999999834
73.472,70.200,0.397,2.1E-05,0.000897152499999834
73.572,70.300,0.398,2.2E-05,0.000899276999999834
73.672,70.400,0.399,2.1E-05,0.000901356499999835
73.772,70.500,0.4,2E-05,0.000903424999999835
73.872,70.600,0.401,2.3E-05,0.000905511499999835
73.972,70.700,0.402,1.9E-05,0.000907608499999836
74.072,70.800,0.403,2E-05,0.000909727999999836
74.172,70.900,0.404,2.2E-05,0.000911806999999837
74.272,71.000,0.405,2.1E-05,0.000913903499999837
74.372,71.100,0.406,2.1E-05,0.000916014499999837
74.472,71.200,0.407,2.1E-05,0.000918120499999838
74.572,71.300,0.408,2.1E-05,0.000920241499999838
74.672,71.400,0.409,2.2E-05,0.000922324999999838
74.772,71.500,0.41,2.1E-05,0.000924445499999838
74.872,71.600,0.411,2E-05,0.000926562999999839
74.972,71.700,0.412,2.1E-05,0.000928683499999839
75.072,71.800,0.413,2.2E-05,0.00093083799999984
75.172,71.900,0.414,2.1E-05,0.000932984499999841
75.272,72.000,0.415,2.1E-05,0.000935132499999842
75.372,72.100,0.416,2.2E-05,0.000937279999999843
75.472,72.200,0.417,2.2E-05,0.000939394999999843
75.572,72.300,0.418,2.2E-05,0.000941549999999844
75.672,72.400,0.419,2.2E-05,0.000943744999999845
75.772,72.500,0.42,2.1E-05,0.000945903499999846
75.872,72.600,0.421,2E-05,0.000948034999999846
75.972,72.700,0.422,2.2E-05,0.000950215999999847
76.072,72.800,0.423,2.3E-05,0.000952428499999849
76.172,72.900,0.424,2.1E-05,0.00095462449999985
76.272,73.000,0.425,2.2E-05,0.000956814999999852
76.372,73.100,0.426,2.2E-05,0.000958978999999853
76.472,73.200,0.427,2.1E-05,0.000961191499999854
76.572,73.300,0.428,2.2E-05,0.000963389999999855
76.672,73.400,0.429,2.3E-05,0.000965578499999857
76.772,73.500,0.43,2.1E-05,0.000967778499999858
76.872,73.600,0.431,2.1E-05,0.000969993499999859
76.972,73.700,0.432,2.2E-05,0.00097222699999986
77.072,73.800,0.433,2.1E-05,0.000974440499999862
77.172,73.900,0.434,2.2E-05,0.000976646999999863
77.272,74.000,0.435,2.3E-05,0.00097889749999986
77.372,74.100,0.436,2.2E-05,0.000981128999999858
77.472,74.200,0.437,2.1E-05,0.000983371499999856
77.572,74.300,0.438,2.3E-05,0.000985614499999854
77.672,74.400,0.439,2.2E-05,0.000987864999999852
77.772,74.500,0.44,2.2E-05,0.000990089999999851
77.872,74.600,0.441,2.3E-05,0.000992319499999849
77.972,74.700,0.442,2.3E-05,0.000994578499999848
78.072,74.800,0.443,2.1E-05,0.000996802499999846
78.172,74.900,0.444,2.3E-05,0.000999075499999845
78.272,75.000,0.445,2.2E-05,0.00100135099999984
78.372,75.100,0.446,2.4E-05,0.00100363299999984
78.472,75.200,0.447,2.3E-05,0.00100589149999984
78.572,75.300,0.448,2.1E-05,0.00100812849999984
78.672,75.400,0.449,2.2E-05,0.00101036899999984
78.772,75.500,0.45,2.3E-05,0.00101262349999984
78.872,75.600,0.451,2.2E-05,0.00101492699999984
78.972,75.700,0.452,2.3E-05,0.00101720849999984
79.072,75.800,0.453,2.4E-05,0.00101950199999984
79.172,75.900,0.454,2.4E-05,0.00102178999999984
79.272,76.000,0.455,2.3E-05,0.00102407849999984
79.372,76.100,0.456,2.3E-05,0.00102636349999984
79.472,76.200,0.457,2.4E-05,0.00102864999999983
79.572,76.300,0.458,2.4E-05,0.00103096099999983
79.672,76.400,0.459,2.5E-05,0.00103325049999983
79.772,76.500,0.46,2.5E-05,0.00103559349999983
79.872,76.600,0.461,2.3E-05,0.00103793649999983
79.972,76.700,0.462,2.3E-05,0.00104023849999983
80.072,76.800,0.463,2.1E-05,0.00104252349999983
80.172,76.900,0.464,2.5E-05,0.00104481849999983
80.272,77.000,0.465,2.3E-05,0.00104714649999983
80.372,77.100,0.466,2.2E-05,0.00104945599999983
80.472,77.200,0.467,2.4E-05,0.00105180899999983
80.572,77.300,0.468,2.3E-05,0.00105418049999983
80.672,77.400,0.469,2.4E-05,0.00105652799999983
80.772,77.500,0.47,2.4E-05,0.00105889199999983
80.872,77.600,0.471,2.4E-05,0.00106126799999983
80.972,77.700,0.472,2.3E-05,0.00106366549999983
81.072,77.800,0.473,2.5E-05,0.00106603049999983
81.172,77.900,0.474,2.4E-05,0.00106842699999983
81.272,78.000,0.475,2.5E-05,0.00107082449999983
81.372,78.100,0.476,2.5E-05,0.00107323349999983
81.472,78.200,0.477,2.3E-05,0.00107561749999983
81.572,78.300,0.478,2.4E-05,0.00107800799999983
81.672,78.400,0.479,2.3E-05,0.00108041949999983
81.772,78.500,0.48,2.5E-05,0.00108279049999983
81.872,78.600,0.481,2.4E-05,0.00108518599999983
81.972,78.700,0.482,2.4E-05,0.00108761299999983
82.072,78.800,0.483,2.3E-05,0.00109001649999983
82.172,78.900,0.484,2.4E-05,0.00109243399999983
82.272,79.000,0.485,2.4E-05,0.00109488099999983
82.372,79.100,0.486,2.6E-05,0.00109730199999983
82.472,79.200,0.487,2.4E-05,0.00109972299999983
82.572,79.300,0.488,2.6E-05,0.00110214999999983
82.672,79.400,0.489,2.3E-05,0.00110456849999983
82.772,79.500,0.49,2.6E-05,0.00110704099999983
82.872,79.600,0.491,2.3E-05,0.00110945549999983
82.972,79.700,0.492,2.6E-05,0.00111189799999983
83.072,79.800,0.493,2.5E-05,0.00111435549999983
83.172,79.900,0.494,2.5E-05,0.00111685549999983
83.272,80.000,0.495,2.3E-05,0.00111933049999983
83.372,80.100,0.496,2.6E-05,0.00112176499999983
83.472,80.200,0.497,2.6E-05,0.00112426399999983
83.572,80.300,0.498,2.7E-05,0.00112679749999983
83.672,80.400,0.499,2.5E-05,0.00112929749999983
83.772,80.500,0.5,2.5E-05,0.00113179449999983
83.872,80.600,0.501,2.5E-05,0.00113430649999983
83.972,80.700,0.502,2.6E-05,0.00113678199999983
84.072,80.800,0.503,2.5E-05,0.00113929149999983
84.172,80.900,0.504,2.5E-05,0.00114184049999983
84.272,81.000,0.505,2.4E-05,0.00114437799999983
84.372,81.100,0.506,2.5E-05,0.00114687649999983
84.472,81.200,0.507,2.5E-05,0.00114936249999983
84.572,81.300,0.508,2.5E-05,0.00115190549999983
84.672,81.400,0.509,2.5E-05,0.00115445049999983
84.772,81.500,0.51,2.7E-05,0.00115700049999983
84.872,81.600,0.511,2.6E-05,0.00115956199999983
84.972,81.700,0.512,2.6E-05,0.00116211899999983
85.072,81.800,0.513,2.6E-05,0.00116466799999983
85.172,81.900,0.514,2.6E-05,0.00116723599999983
85.272,82.000,0.515,2.6E-05,0.00116978999999983
85.372,82.100,0.516,2.7E-05,0.00117239649999983
85.472,82.200,0.517,2.7E-05,0.00117500949999983
85.572,82.300,0.518,2.6E-05,0.00117759999999983
85.672,82.400,0.519,2.6E-05,0.00118024099999983
85.772,82.500,0.52,2.6E-05,0.00118284699999983
85.872,82.600,0.521,2.8E-05,0.00118549499999983
85.972,82.700,0.522,2.7E-05,0.00118814649999984
86.072,82.800,0.523,2.5E-05,0.00119072149999984
86.172,82.900,0.524,2.6E-05,0.00119331099999984
86.272,83.000,0.525,2.6E-05,0.00119594299999984
86.372,83.100,0.526,2.6E-05,0.00119858599999984
86.472,83.200,0.527,2.7E-05,0.00120125149999984
86.572,83.300,0.528,2.7E-05,0.00120393849999984
86.672,83.400,0.529,2.7E-05,0.00120662349999984
86.772,83.500,0.53,2.7E-05,0.00120929649999984
86.872,83.600,0.531,2.7E-05,0.00121200249999984
86.972,83.700,0.532,2.7E-05,0.00121473649999984
87.072,83.800,0.533,2.7E-05,0.00121745749999984
87.172,83.900,0.534,2.6E-05,0.00122016199999984
87.272,84.000,0.535,2.7E-05,0.00122286649999985
87.372,84.100,0.536,2.6E-05,0.00122560799999985
87.472,84.200,0.537,2.8E-05,0.00122835499999985
87.572,84.300,0.538,2.8E-05,0.00123108599999985
87.672,84.400,0.539,2.7E-05,0.00123380649999985
87.772,84.500,0.54,2.8E-05,0.00123655299999985
87.872,84.600,0.541,2.6E-05,0.00123930099999985
87.972,84.700,0.542,2.9E-05,0.00124206249999985
88.072,84.800,0.543,2.8E-05,0.00124487099999985
88.172,84.900,0.544,2.8E-05,0.00124765499999986
88.272,85.000,0.545,2.7E-05,0.00125043949999986
88.372,85.100,0.546,2.9E-05,0.00125325849999986
88.472,85.200,0.547,2.8E-05,0.00125604299999986
88.572,85.300,0.548,2.9E-05,0.00125889449999987
88.672,85.400,0.549,2.8E-05,0.00126175699999986
88.772,85.500,0.55,2.9E-05,0.00126460649999987
88.872,85.600,0.551,2.9E-05,0.00126746449999987
88.972,85.700,0.552,2.9E-05,0.00127033749999987
89.072,85.800,0.553,3E-05,0.00127321499999987
89.172,85.900,0.554,2.8E-05,0.00127608499999987
89.272,86.000,0.555,2.7E-05,0.00127899249999987
89.372,86.100,0.556,2.9E-05,0.00128189449999987
89.472,86.200,0.557,3.1E-05,0.00128480449999987
89.572,86.300,0.558,2.9E-05,0.00128772249999987
89.672,86.400,0.559,3E-05,0.00129062599999987
89.772,86.500,0.56,3.1E-05,0.00129356349999987
89.872,86.600,0.561,3E-05,0.00129653499999987
89.972,86.700,0.562,3E-05,0.00129949899999987
90.072,86.800,0.563,3E-05,0.00130250499999987
90.172,86.900,0.564,3E-05,0.00130551999999987
90.272,87.000,0.565,3E-05,0.00130847299999987
90.372,87.100,0.566,3E-05,0.00131149199999986
90.472,87.200,0.567,2.9E-05,0.00131451049999986
90.572,87.300,0.568,3.1E-05,0.00131755049999986
90.672,87.400,0.569,3.2E-05,0.00132059699999986
90.772,87.500,0.57,3.1E-05,0.00132366749999986
90.872,87.600,0.571,3.1E-05,0.00132674049999986
90.972,87.700,0.572,2.9E-05,0.00132979549999986
91.072,87.800,0.573,3.1E-05,0.00133288349999986
91.172,87.900,0.574,3.3E-05,0.00133599949999985
91.272,88.000,0.575,3.3E-05,0.00133911449999985
91.372,88.100,0.576,3.1E-05,0.00134221349999985
91.472,88.200,0.577,3.3E-05,0.00134534349999985
91.572,88.300,0.578,3.1E-05,0.00134850449999985
91.672,88.400,0.579,3.2E-05,0.00135170499999985
91.772,88.500,0.58,3.2E-05,0.00135489699999984
91.872,88.600,0.581,3.2E-05,0.00135810699999984
91.972,88.700,0.582,3.2E-05,0.00136130899999984
92.072,88.800,0.583,3.2E-05,0.00136455299999984
92.172,88.900,0.584,3.3E-05,0.00136780249999984
92.272,89.000,0.585,3.2E-05,0.00137107299999984
92.372,89.100,0.586,3.3E-05,0.00137435749999984
92.472,89.200,0.587,3.2E-05,0.00137767499999984
92.572,89.300,0.588,3.3E-05,0.00138098549999984
92.672,89.400,0.589,3.3E-05,0.00138430949999984
92.772,89.500,0.59,3.3E-05,0.00138764149999984
92.872,89.600,0.591,3.5E-05,0.00139103149999984
92.972,89.700,0.592,3.5E-05,0.00139440649999984
93.072,89.800,0.593,3.2E-05,0.00139780199999984
93.172,89.900,0.594,3.4E-05,0.00140118899999984
93.272,90.000,0.595,3.5E-05,0.00140466449999984
93.372,90.100,0.596,3.4E-05,0.00140815299999984
93.472,90.200,0.597,3.4E-05,0.00141164299999984
93.572,90.300,0.598,3.6E-05,0.00141517599999984
93.672,90.400,0.599,3.4E-05,0.00141870499999984
93.772,90.500,0.6,3.7E-05,0.00142229549999984
93.872,90.600,0.601,3.8E-05,0.00142583599999984
93.972,90.700,0.602,3.6E-05,0.00142943099999984
94.072,90.800,0.603,3.5E-05,0.00143305149999984
94.172,90.900,0.604,3.7E-05,0.00143669949999984
94.272,91.000,0.605,3.7E-05,0.00144037649999984
94.372,91.100,0.606,3.7E-05,0.00144404449999984
94.472,91.200,0.607,3.8E-05,0.00144775399999985
94.572,91.300,0.608,3.7E-05,0.00145150949999985
94.672,91.400,0.609,4E-05,0.00145525799999985
94.772,91.500,0.61,3.7E-05,0.00145904949999985
94.872,91.600,0.611,3.9E-05,0.00146286049999985
94.972,91.700,0.612,3.9E-05,0.00146671649999985
95.072,91.800,0.613,3.9E-05,0.00147056949999986
95.172,91.900,0.614,4E-05,0.00147447199999986
95.272,92.000,0.615,3.9E-05,0.00147842149999986
95.372,92.100,0.616,3.9E-05,0.00148238149999986
95.472,92.200,0.617,4.1E-05,0.00148639949999986
95.572,92.300,0.618,4E-05,0.00149041899999986
95.672,92.400,0.619,4.2E-05,0.00149449699999986
95.772,92.500,0.62,4E-05,0.00149855799999986
95.872,92.600,0.621,4.2E-05,0.00150265299999986
95.972,92.700,0.622,4.2E-05,0.00150683299999986
96.072,92.800,0.623,4.2E-05,0.00151103199999986
96.172,92.900,0.624,4.3E-05,0.00151530749999986
96.272,93.000,0.625,4.3E-05,0.00151958949999986
96.372,93.100,0.626,4.3E-05,0.00152389149999986
96.472,93.200,0.627,4.4E-05,0.00152827799999986
96.572,93.300,0.628,4.5E-05,0.00153269249999986
96.672,93.400,0.629,4.5E-05,0.00153711849999986
96.772,93.500,0.63,4.4E-05,0.00154162299999986
96.872,93.600,0.631,4.6E-05,0.00154614699999986
96.972,93.700,0.632,4.5E-05,0.00155069849999986
97.072,93.800,0.633,4.7E-05,0.00155529349999986
97.172,93.900,0.634,4.8E-05,0.00155992699999986
97.272,94.000,0.635,4.8E-05,0.00156462499999987
97.372,94.100,0.636,4.8E-05,0.00156941299999987
97.472,94.200,0.637,4.9E-05,0.00157426149999987
97.572,94.300,0.638,5.1E-05,0.00157918749999987
97.672,94.400,0.639,4.9E-05,0.00158414449999987
97.772,94.500,0.64,5.1E-05,0.00158916949999987
97.872,94.600,0.641,5.1E-05,0.00159420149999986
97.972,94.700,0.642,5.1E-05,0.00159928049999986
98.072,94.800,0.643,5.2E-05,0.00160444499999986
98.172,94.900,0.644,5.2E-05,0.00160967699999986
98.272,95.000,0.645,5.4E-05,0.00161500199999986
98.372,95.100,0.646,5.4E-05,0.00162034999999986
98.472,95.200,0.647,5.5E-05,0.00162576549999986
98.572,95.300,0.648,5.6E-05,0.00163124599999986
98.672,95.400,0.649,5.6E-05,0.00163681099999986
98.772,95.500,0.65,5.7E-05,0.00164246849999986
98.872,95.600,0.651,5.8E-05,0.00164819699999986
98.972,95.700,0.652,5.8E-05,0.00165400799999986
99.072,95.800,0.653,5.9E-05,0.00165990349999987
99.172,95.900,0.654,6.1E-05,0.00166591249999987
99.272,96.000,0.655,6E-05,0.00167195599999987
99.372,96.100,0.656,6.2E-05,0.00167809299999987
99.472,96.200,0.657,6.3E-05,0.00168432949999987
99.572,96.300,0.658,6.4E-05,0.00169066899999987
99.672,96.400,0.659,6.5E-05,0.00169707449999987
99.772,96.500,0.66,6.5E-05,0.00170362649999987
99.872,96.600,0.661,6.8E-05,0.00171026099999987
99.972,96.700,0.662,6.8E-05,0.00171705199999987
100.072,96.800,0.663,7E-05,0.00172392899999987
100.172,96.900,0.664,7E-05,0.00173092999999987
100.272,97.000,0.665,7.1E-05,0.00173805749999986
100.372,97.100,0.666,7.2E-05,0.00174529899999986
100.472,97.200,0.667,7.4E-05,0.00175265799999986
100.572,97.300,0.668,7.5E-05,0.00176013549999986
100.672,97.400,0.669,7.7E-05,0.00176775749999986
100.772,97.500,0.67,7.8E-05,0.00177554899999986
100.872,97.600,0.671,8.1E-05,0.00178344349999987
100.972,97.700,0.672,8.2E-05,0.00179151699999986
101.072,97.800,0.673,8.3E-05,0.00179973049999986
101.172,97.900,0.674,8.4E-05,0.00180814299999986
101.272,98.000,0.675,8.7E-05,0.00181668649999987
101.372,98.100,0.676,8.7E-05,0.00182537449999987
101.472,98.200,0.677,8.9E-05,0.00183425049999987
101.572,98.300,0.678,9.3E-05,0.00184332949999986
101.672,98.400,0.679,9.3E-05,0.00185256449999986
101.772,98.500,0.68,9.6E-05,0.00186199799999986
101.872,98.600,0.681,9.6E-05,0.00187157899999986
101.972,98.700,0.682,0.000101,0.00188137649999986
102.072,98.800,0.683,0.000102,0.00189135099999986
102.172,98.900,0.684,0.000102,0.00190155999999986
102.272,99.000,0.685,0.000106,0.00191196599999986
102.372,99.100,0.686,0.000107,0.00192259449999986
102.472,99.200,0.687,0.000109,0.00193344249999986
102.572,99.300,0.688,0.000112,0.00194451999999986
102.672,99.400,0.689,0.000116,0.00195585399999986
102.772,99.500,0.69,0.000116,0.00196740299999986
102.872,99.600,0.691,0.000119,0.00197923849999987
102.972,99.700,0.692,0.000122,0.00199130799999986
103.072,99.800,0.693,0.000126,0.00200367299999987
103.172,99.900,0.694,0.000128,0.00201631099999987
103.272,100.000,0.695,0.000131,0.00202923149999987
103.372,100.100,0.696,0.000133,0.00204244849999987
103.472,100.200,0.697,0.000136,0.00205594999999987
103.572,100.300,0.698,0.00014,0.00206977699999986
103.672,100.400,0.699,0.000142,0.00208389099999986
103.772,100.500,0.7,0.000147,0.00209836949999986
103.872,100.600,0.701,0.00015,0.00211316899999986
103.972,100.700,0.702,0.000154,0.00212833799999986
104.072,100.800,0.703,0.000157,0.00214390249999986
104.172,100.900,0.704,0.000161,0.00215982449999986
104.272,101.000,0.705,0.000165,0.00217610049999986
104.372,101.100,0.706,0.000168,0.00219281699999986
104.472,101.200,0.707,0.000173,0.00220992049999985
104.572,101.300,0.708,0.000177,0.00222743049999985
104.672,101.400,0.709,0.000181,0.00224537749999985
104.772,101.500,0.71,0.000186,0.00226378199999985
104.872,101.600,0.711,0.000191,0.00228267649999985
104.972,101.700,0.712,0.000197,0.00230204649999985
105.072,101.800,0.713,0.000203,0.00232191949999985
105.172,101.900,0.714,0.000206,0.00234232599999985
105.272,102.000,0.715,0.000212,0.00236327299999985
105.372,102.100,0.716,0.000217,0.00238467549999984
105.472,102.200,0.717,0.000222,0.00240660699999984
105.572,102.300,0.718,0.000228,0.00242912299999984
105.672,102.400,0.719,0.000233,0.00245215249999984
105.772,102.500,0.72,0.000239,0.00247581749999984
105.872,102.600,0.721,0.000245,0.00250004249999984
105.972,102.700,0.722,0.000252,0.00252486899999984
106.072,102.800,0.723,0.000258,0.00255033999999984
106.172,102.900,0.724,0.000264,0.00257642099999984
106.272,103.000,0.725,0.00027,0.00260314599999984
106.372,103.100,0.726,0.000277,0.00263057249999984
106.472,103.200,0.727,0.000283,0.00265863449999984
106.572,103.300,0.728,0.000291,0.00268744349999984
106.672,103.400,0.729,0.0003,0.00271694399999984
106.772,103.500,0.73,0.000305,0.00274717349999984
106.872,103.600,0.731,0.000314,0.00277817999999984
106.972,103.700,0.732,0.000323,0.00280994349999984
107.072,103.800,0.733,0.000328,0.00284251099999984
107.172,103.900,0.734,0.000338,0.00287586099999984
107.272,104.000,0.735,0.000347,0.00291005949999985
107.372,104.100,0.736,0.000354,0.00294507499999984
107.472,104.200,0.737,0.000364,0.00298098099999984
107.572,104.300,0.738,0.000372,0.00301773899999985
107.672,104.400,0.739,0.000382,0.00305545399999984
107.772,104.500,0.74,0.000392,0.00309408699999985
107.872,104.600,0.741,0.000399,0.00313362849999985
107.972,104.700,0.742,0.00041,0.00317413999999985
108.072,104.800,0.743,0.000419,0.00321565649999985
108.172,104.900,0.744,0.00043,0.00325812999999985
108.272,105.000,0.745,0.000439,0.00330161449999985
108.372,105.100,0.746,0.000449,0.00334612049999984
108.472,105.200,0.747,0.00046,0.00339165999999984
108.572,105.300,0.748,0.00047,0.00343826999999985
108.672,105.400,0.749,0.000484,0.00348598199999984
108.772,105.500,0.75,0.000494,0.00353480599999984
108.872,105.600,0.751,0.000505,0.00358475849999984
108.972,105.700,0.752,0.000515,0.00363582749999984
109.072,105.800,0.753,0.000527,0.00368803749999984
109.172,105.900,0.754,0.000539,0.00374142449999984
109.272,106.000,0.755,0.000552,0.00379596999999984
109.372,106.100,0.756,0.000564,0.00385177799999984
109.472,106.200,0.757,0.000578,0.00390887899999983
109.572,106.300,0.758,0.000589,0.00396725149999984
109.672,106.400,0.759,0.000602,0.00402692999999984
109.772,106.500,0.76,0.000615,0.00408784049999985
109.872,106.600,0.761,0.000629,0.00415011749999985
109.972,106.700,0.762,0.000643,0.00421372949999985
110.072,106.800,0.763,0.000657,0.00427876249999985
110.172,106.900,0.764,0.000671,0.00434523749999985
110.272,107.000,0.765,0.000685,0.00441312549999985
110.372,107.100,0.766,0.000701,0.00448246549999985
110.472,107.200,0.767,0.000716,0.00455327599999985
110.572,107.300,0.768,0.00073,0.00462556699999985
110.672,107.400,0.769,0.000746,0.00469935699999985
110.772,107.500,0.77,0.000761,0.00477474949999986
110.872,107.600,0.771,0.000778,0.00485170299999985
110.972,107.700,0.772,0.000792,0.00493028999999985
111.072,107.800,0.773,0.000809,0.00501043449999985
111.172,107.900,0.774,0.000825,0.00509222449999985
111.272,108.000,0.775,0.000841,0.00517568349999985
111.372,108.100,0.776,0.000859,0.00526079449999984
111.472,108.200,0.777,0.000875,0.00534756949999984
111.572,108.300,0.778,0.000891,0.00543603949999985
111.672,108.400,0.779,0.000909,0.00552619249999985
111.772,108.500,0.78,0.000928,0.00561806299999985
111.872,108.600,0.781,0.000944,0.00571174099999985
111.972,108.700,0.782,0.000963,0.00580719349999984
112.072,108.800,0.783,0.000982,0.00590445199999985
112.172,108.900,0.784,0.000999,0.00600355549999984
112.272,109.000,0.785,0.001016,0.00610451299999985
112.372,109.100,0.786,0.001036,0.00620729299999984
112.472,109.200,0.787,0.001054,0.00631192199999984
112.572,109.300,0.788,0.001075,0.00641839249999985
112.672,109.400,0.789,0.001094,0.00652680299999984
112.772,109.500,0.79,0.001111,0.00663708449999986
112.872,109.600,0.791,0.001132,0.00674932999999986
112.972,109.700,0.792,0.001153,0.00686361849999985
113.072,109.800,0.793,0.001172,0.00697997099999986
113.172,109.900,0.794,0.001193,0.00709830249999985
113.272,110.000,0.795,0.001212,0.00721865599999987
113.372,110.100,0.796,0.001233,0.00734102149999986
113.472,110.200,0.797,0.001255,0.00746547149999985
113.572,110.300,0.798,0.001274,0.00759200699999986
113.672,110.400,0.799,0.001296,0.00772062099999985
113.772,110.500,0.8,0.001317,0.00785133649999987
