出力日時,2021/06/21 13:46:05
データソース,hematite_H_S2_3_1_LSV
表示対象ノード,Root\ECstat-301\LSV
Time(s),NodeTime(s),OutputVoltage(V),Current(A),Capacity(C)
3.373,0.100,-0.327,3E-06,2.165E-07
3.473,0.200,-0.326,2E-06,4.38E-07
3.573,0.300,-0.325,2E-06,6.18E-07
3.673,0.400,-0.324,3E-06,8.61500000000002E-07
3.773,0.500,-0.323,2E-06,1.11E-06
3.873,0.600,-0.322,3E-06,1.3745E-06
3.973,0.700,-0.321,2E-06,1.65E-06
4.073,0.800,-0.32,2E-06,1.868E-06
4.173,0.900,-0.319,3E-06,2.13349999999999E-06
4.273,1.000,-0.318,3E-06,2.38949999999999E-06
4.373,1.100,-0.317,3E-06,2.62149999999999E-06
4.473,1.200,-0.316,3E-06,2.88349999999999E-06
4.573,1.300,-0.315,3E-06,3.16449999999999E-06
4.673,1.400,-0.314,3E-06,3.42649999999999E-06
4.773,1.500,-0.313,3E-06,3.69749999999998E-06
4.873,1.600,-0.312,3E-06,3.94249999999999E-06
4.973,1.700,-0.311,3E-06,4.21249999999999E-06
5.073,1.800,-0.31,3E-06,4.49450000000001E-06
5.173,1.900,-0.309,4E-06,4.76800000000001E-06
5.273,2.000,-0.308,5E-06,5.03550000000002E-06
5.373,2.100,-0.307,3E-06,5.32950000000002E-06
5.473,2.200,-0.306,2E-06,5.61900000000003E-06
5.573,2.300,-0.305,3E-06,5.89450000000002E-06
5.673,2.400,-0.304,2E-06,6.16700000000003E-06
5.773,2.500,-0.303,4E-06,6.44700000000003E-06
5.873,2.600,-0.302,3E-06,6.73150000000003E-06
5.973,2.700,-0.301,3E-06,7.07750000000003E-06
6.073,2.800,-0.3,4E-06,7.37300000000002E-06
6.173,2.900,-0.299,3E-06,7.71650000000003E-06
6.273,3.000,-0.298,4E-06,8.06100000000005E-06
6.373,3.100,-0.297,5E-06,8.39850000000008E-06
6.473,3.200,-0.296,4E-06,8.7210000000001E-06
6.573,3.300,-0.295,4E-06,9.05200000000012E-06
6.673,3.400,-0.294,4E-06,9.38600000000014E-06
6.773,3.500,-0.293,3E-06,9.73850000000018E-06
6.873,3.600,-0.292,4E-06,1.00620000000002E-05
6.973,3.700,-0.291,3E-06,1.04055000000002E-05
7.073,3.800,-0.29,2E-06,1.07230000000002E-05
7.173,3.900,-0.289,4E-06,1.10760000000003E-05
7.273,4.000,-0.288,3E-06,1.14195000000003E-05
7.373,4.100,-0.287,3E-06,1.17515000000003E-05
7.473,4.200,-0.286,5E-06,1.21535000000004E-05
7.573,4.300,-0.285,4E-06,1.25250000000004E-05
7.673,4.400,-0.284,5E-06,1.29215000000004E-05
7.773,4.500,-0.283,5E-06,1.33045000000005E-05
7.873,4.600,-0.282,4E-06,1.36660000000005E-05
7.973,4.700,-0.281,4E-06,1.39700000000005E-05
8.073,4.800,-0.28,4E-06,1.43500000000006E-05
8.173,4.900,-0.279,4E-06,1.47260000000006E-05
8.273,5.000,-0.278,4E-06,1.51390000000006E-05
8.373,5.100,-0.277,4E-06,1.55060000000007E-05
8.473,5.200,-0.276,5E-06,1.59125000000007E-05
8.573,5.300,-0.275,4E-06,1.63310000000007E-05
8.673,5.400,-0.274,3E-06,1.67145000000007E-05
8.773,5.500,-0.273,3E-06,1.71155000000008E-05
8.873,5.600,-0.272,5E-06,1.75195000000008E-05
8.973,5.700,-0.271,4E-06,1.79000000000008E-05
9.073,5.800,-0.27,4E-06,1.82990000000008E-05
9.173,5.900,-0.269,3E-06,1.87105000000008E-05
9.273,6.000,-0.268,3E-06,1.91125000000009E-05
9.373,6.100,-0.267,3E-06,1.94955000000009E-05
9.473,6.200,-0.266,5E-06,1.98915000000009E-05
9.573,6.300,-0.265,5E-06,2.02645000000009E-05
9.673,6.400,-0.264,4E-06,2.0686000000001E-05
9.773,6.500,-0.263,5E-06,2.1112500000001E-05
9.873,6.600,-0.262,4E-06,2.1544000000001E-05
9.973,6.700,-0.261,4E-06,2.1951000000001E-05
10.073,6.800,-0.26,5E-06,2.23785000000011E-05
10.173,6.900,-0.259,3E-06,2.27845000000011E-05
10.273,7.000,-0.258,3E-06,2.31985000000011E-05
10.373,7.100,-0.257,6E-06,2.36280000000011E-05
10.473,7.200,-0.256,4E-06,2.40610000000011E-05
10.573,7.300,-0.255,5E-06,2.44735000000011E-05
10.673,7.400,-0.254,5E-06,2.49285000000012E-05
10.773,7.500,-0.253,4E-06,2.53620000000012E-05
10.873,7.600,-0.252,4E-06,2.58080000000012E-05
10.973,7.700,-0.251,5E-06,2.62535000000012E-05
11.073,7.800,-0.25,5E-06,2.67015000000013E-05
11.173,7.900,-0.249,7E-06,2.71285000000013E-05
11.273,8.000,-0.248,6E-06,2.76320000000013E-05
11.373,8.100,-0.247,4E-06,2.80750000000013E-05
11.473,8.200,-0.246,5E-06,2.85145000000014E-05
11.573,8.300,-0.245,4E-06,2.89690000000014E-05
11.673,8.400,-0.244,5E-06,2.94415000000015E-05
11.773,8.500,-0.243,5E-06,2.99385000000015E-05
11.873,8.600,-0.242,5E-06,3.04205000000015E-05
11.973,8.700,-0.241,6E-06,3.08490000000014E-05
12.073,8.800,-0.24,4E-06,3.13370000000014E-05
12.173,8.900,-0.239,6E-06,3.17810000000013E-05
12.273,9.000,-0.238,5E-06,3.22805000000012E-05
12.373,9.100,-0.237,3E-06,3.27795000000012E-05
12.473,9.200,-0.236,4E-06,3.32260000000011E-05
12.573,9.300,-0.235,5E-06,3.37025000000011E-05
12.673,9.400,-0.234,5E-06,3.4217500000001E-05
12.773,9.500,-0.233,5E-06,3.4710500000001E-05
12.873,9.600,-0.232,6E-06,3.5209000000001E-05
12.973,9.700,-0.231,4E-06,3.56700000000009E-05
13.073,9.800,-0.23,6E-06,3.61480000000008E-05
13.173,9.900,-0.229,6E-06,3.66690000000008E-05
13.273,10.000,-0.228,4E-06,3.71740000000008E-05
13.373,10.100,-0.227,5E-06,3.76495000000007E-05
13.473,10.200,-0.226,6E-06,3.81430000000007E-05
13.573,10.300,-0.225,5E-06,3.86475000000006E-05
13.673,10.400,-0.224,6E-06,3.91800000000006E-05
13.773,10.500,-0.223,5E-06,3.97075000000005E-05
13.873,10.600,-0.222,5E-06,4.02505000000006E-05
13.973,10.700,-0.221,5E-06,4.07725000000005E-05
14.073,10.800,-0.22,5E-06,4.13065000000005E-05
14.173,10.900,-0.219,5E-06,4.18525000000005E-05
14.273,11.000,-0.218,5E-06,4.24175000000005E-05
14.373,11.100,-0.217,5E-06,4.29485000000005E-05
14.473,11.200,-0.216,7E-06,4.34855000000004E-05
14.573,11.300,-0.215,6E-06,4.40470000000004E-05
14.673,11.400,-0.214,5E-06,4.45905000000005E-05
14.773,11.500,-0.213,6E-06,4.51230000000005E-05
14.873,11.600,-0.212,5E-06,4.56735000000005E-05
14.973,11.700,-0.211,5E-06,4.61945000000005E-05
15.073,11.800,-0.21,7E-06,4.67395000000005E-05
15.173,11.900,-0.209,6E-06,4.73000000000006E-05
15.273,12.000,-0.208,6E-06,4.78880000000006E-05
15.373,12.100,-0.207,6E-06,4.84610000000006E-05
15.473,12.200,-0.206,7E-06,4.90665000000007E-05
15.573,12.300,-0.205,6E-06,4.96230000000007E-05
15.673,12.400,-0.204,6E-06,5.01960000000008E-05
15.773,12.500,-0.203,6E-06,5.07820000000008E-05
15.873,12.600,-0.202,6E-06,5.13790000000008E-05
15.973,12.700,-0.201,7E-06,5.19605000000008E-05
16.073,12.800,-0.2,6E-06,5.25290000000009E-05
16.173,12.900,-0.199,7E-06,5.3121500000001E-05
16.273,13.000,-0.198,6E-06,5.3701000000001E-05
16.373,13.100,-0.197,6E-06,5.43050000000011E-05
16.473,13.200,-0.196,6E-06,5.49050000000011E-05
16.573,13.300,-0.195,8E-06,5.55170000000012E-05
16.673,13.400,-0.194,6E-06,5.61470000000012E-05
16.773,13.500,-0.193,6E-06,5.67690000000013E-05
16.873,13.600,-0.192,5E-06,5.73645000000013E-05
16.973,13.700,-0.191,7E-06,5.79815000000013E-05
17.073,13.800,-0.19,6E-06,5.86210000000013E-05
17.173,13.900,-0.189,7E-06,5.92795000000014E-05
17.273,14.000,-0.188,7E-06,5.99155000000014E-05
17.373,14.100,-0.187,7E-06,6.05485000000014E-05
17.473,14.200,-0.186,6E-06,6.11520000000014E-05
17.573,14.300,-0.185,7E-06,6.17435000000016E-05
17.673,14.400,-0.184,7E-06,6.23475000000018E-05
17.773,14.500,-0.183,6E-06,6.2973000000002E-05
17.873,14.600,-0.182,6E-06,6.35840000000021E-05
17.973,14.700,-0.181,7E-06,6.42085000000023E-05
18.073,14.800,-0.18,7E-06,6.48665000000025E-05
18.173,14.900,-0.179,6E-06,6.55380000000026E-05
18.273,15.000,-0.178,6E-06,6.61760000000027E-05
18.373,15.100,-0.177,6E-06,6.68420000000027E-05
18.473,15.200,-0.176,6E-06,6.74640000000029E-05
18.573,15.300,-0.175,7E-06,6.8105500000003E-05
18.673,15.400,-0.174,7E-06,6.87235000000032E-05
18.773,15.500,-0.173,7E-06,6.94015000000034E-05
18.873,15.600,-0.172,6E-06,7.01180000000033E-05
18.973,15.700,-0.171,7E-06,7.07955000000034E-05
19.073,15.800,-0.17,6E-06,7.14270000000036E-05
19.173,15.900,-0.169,7E-06,7.21055000000037E-05
19.273,16.000,-0.168,8E-06,7.28000000000037E-05
19.373,16.100,-0.167,6E-06,7.34690000000037E-05
19.473,16.200,-0.166,8E-06,7.41580000000036E-05
19.573,16.300,-0.165,7E-06,7.48255000000036E-05
19.673,16.400,-0.164,7E-06,7.55385000000033E-05
19.773,16.500,-0.163,7E-06,7.62025000000033E-05
19.873,16.600,-0.162,7E-06,7.69015000000032E-05
19.973,16.700,-0.161,6E-06,7.75770000000031E-05
20.073,16.800,-0.16,7E-06,7.8270500000003E-05
20.173,16.900,-0.159,8E-06,7.89850000000027E-05
20.273,17.000,-0.158,8E-06,7.96840000000027E-05
20.373,17.100,-0.157,7E-06,8.04115000000025E-05
20.473,17.200,-0.156,8E-06,8.11150000000023E-05
20.573,17.300,-0.155,9E-06,8.18575000000022E-05
20.673,17.400,-0.154,7E-06,8.2548500000002E-05
20.773,17.500,-0.153,7E-06,8.32515000000018E-05
20.873,17.600,-0.152,7E-06,8.39835000000015E-05
20.973,17.700,-0.151,7E-06,8.47075000000014E-05
21.073,17.800,-0.15,8E-06,8.54650000000011E-05
21.173,17.900,-0.149,8E-06,8.61900000000009E-05
21.273,18.000,-0.148,7E-06,8.69125000000007E-05
21.373,18.100,-0.147,8E-06,8.76140000000005E-05
21.473,18.200,-0.146,8E-06,8.83640000000003E-05
21.573,18.300,-0.145,8E-06,8.911E-05
21.673,18.400,-0.144,7E-06,8.98674999999998E-05
21.773,18.500,-0.143,7E-06,9.06134999999995E-05
21.873,18.600,-0.142,7E-06,9.13554999999993E-05
21.973,18.700,-0.141,8E-06,9.21289999999991E-05
22.073,18.800,-0.14,8E-06,9.28779999999988E-05
22.173,18.900,-0.139,7E-06,9.36444999999985E-05
22.273,19.000,-0.138,8E-06,9.43869999999982E-05
22.373,19.100,-0.137,8E-06,9.51379999999979E-05
22.473,19.200,-0.136,9E-06,9.59214999999975E-05
22.573,19.300,-0.135,8E-06,9.67249999999972E-05
22.673,19.400,-0.134,8E-06,9.7497999999997E-05
22.773,19.500,-0.133,8E-06,9.82799999999967E-05
22.873,19.600,-0.132,8E-06,9.90779999999962E-05
22.973,19.700,-0.131,7E-06,9.98834999999959E-05
23.073,19.800,-0.13,8E-06,0.000100625999999996
23.173,19.900,-0.129,8E-06,0.000101438999999995
23.273,20.000,-0.128,6E-06,0.000102223999999995
23.373,20.100,-0.127,8E-06,0.000103037999999995
23.473,20.200,-0.126,8E-06,0.000103847999999995
23.573,20.300,-0.125,8E-06,0.000104650999999994
23.673,20.400,-0.124,8E-06,0.000105460999999994
23.773,20.500,-0.123,8E-06,0.000106268999999994
23.873,20.600,-0.122,8E-06,0.000107083999999993
23.973,20.700,-0.121,7E-06,0.000107923499999993
24.073,20.800,-0.12,1E-05,0.000108772999999993
24.173,20.900,-0.119,9E-06,0.000109624499999993
24.273,21.000,-0.118,8E-06,0.000110426999999992
24.373,21.100,-0.117,8E-06,0.000111242999999992
24.473,21.200,-0.116,9E-06,0.000112081499999992
24.573,21.300,-0.115,8E-06,0.000112900999999992
24.673,21.400,-0.114,9E-06,0.000113737499999991
24.773,21.500,-0.113,1E-05,0.000114585999999991
24.873,21.600,-0.112,8E-06,0.000115410999999991
24.973,21.700,-0.111,9E-06,0.00011623949999999
25.073,21.800,-0.11,8E-06,0.00011707099999999
25.173,21.900,-0.109,9E-06,0.00011791849999999
25.273,22.000,-0.108,7E-06,0.00011877949999999
25.373,22.100,-0.107,9E-06,0.000119654499999989
25.473,22.200,-0.106,9E-06,0.000120513499999989
25.573,22.300,-0.105,1E-05,0.000121382999999989
25.673,22.400,-0.104,9E-06,0.000122232499999988
25.773,22.500,-0.103,9E-06,0.000123090499999988
25.873,22.600,-0.102,9E-06,0.000123957499999988
25.973,22.700,-0.101,9E-06,0.000124855499999988
26.073,22.800,-0.1,8E-06,0.000125738999999988
26.173,22.900,-0.099,9E-06,0.000126620499999988
26.273,23.000,-0.098,8E-06,0.000127487999999988
26.373,23.100,-0.097,1E-05,0.000128370999999988
26.473,23.200,-0.096,9E-06,0.000129269499999988
26.573,23.300,-0.095,9E-06,0.000130191499999988
26.673,23.400,-0.094,9E-06,0.000131059499999989
26.773,23.500,-0.093,9E-06,0.000131947499999989
26.873,23.600,-0.092,9E-06,0.000132853499999989
26.973,23.700,-0.091,8E-06,0.000133754999999989
27.073,23.800,-0.09,9E-06,0.000134673499999989
27.173,23.900,-0.089,9E-06,0.000135588499999989
27.273,24.000,-0.088,9E-06,0.000136519499999989
27.373,24.100,-0.087,9E-06,0.000137438499999989
27.473,24.200,-0.086,9E-06,0.000138351499999989
27.573,24.300,-0.085,1E-05,0.000139275999999989
27.673,24.400,-0.084,9E-06,0.000140217499999989
27.773,24.500,-0.083,8E-06,0.000141149999999989
27.873,24.600,-0.082,9E-06,0.000142045499999989
27.973,24.700,-0.081,9E-06,0.000143006499999989
28.073,24.800,-0.08,9E-06,0.000143929499999989
28.173,24.900,-0.079,1E-05,0.000144850999999989
28.273,25.000,-0.078,8E-06,0.000145781999999989
28.373,25.100,-0.077,1E-05,0.000146744999999989
28.473,25.200,-0.076,9E-06,0.000147674499999989
28.573,25.300,-0.075,1E-05,0.000148609999999989
28.673,25.400,-0.074,1E-05,0.000149533999999989
28.773,25.500,-0.073,9E-06,0.000150464499999989
28.873,25.600,-0.072,1E-05,0.000151392999999989
28.973,25.700,-0.071,9E-06,0.000152339499999989
29.073,25.800,-0.07,9E-06,0.000153276499999989
29.173,25.900,-0.069,1E-05,0.000154207999999989
29.273,26.000,-0.068,9E-06,0.000155180499999989
29.373,26.100,-0.067,1E-05,0.000156155999999989
29.473,26.200,-0.066,1.1E-05,0.000157145499999989
29.573,26.300,-0.065,1E-05,0.000158089999999989
29.673,26.400,-0.064,1E-05,0.000159068999999989
29.773,26.500,-0.063,1.1E-05,0.000160050499999989
29.873,26.600,-0.062,1E-05,0.00016100699999999
29.973,26.700,-0.061,1E-05,0.00016195099999999
30.073,26.800,-0.06,1E-05,0.00016291999999999
30.173,26.900,-0.059,1E-05,0.00016389399999999
30.273,27.000,-0.058,1E-05,0.00016483599999999
30.373,27.100,-0.057,1E-05,0.00016577499999999
30.473,27.200,-0.056,9E-06,0.00016673649999999
30.573,27.300,-0.055,1E-05,0.00016769199999999
30.673,27.400,-0.054,1E-05,0.00016864999999999
30.773,27.500,-0.053,1E-05,0.00016960399999999
30.873,27.600,-0.052,9E-06,0.00017058949999999
30.973,27.700,-0.051,1E-05,0.00017156899999999
31.073,27.800,-0.05,9E-06,0.00017257249999999
31.173,27.900,-0.049,1E-05,0.00017355899999999
31.273,28.000,-0.048,1E-05,0.00017455099999999
31.373,28.100,-0.047,1E-05,0.00017555399999999
31.473,28.200,-0.046,1E-05,0.00017655199999999
31.573,28.300,-0.045,1.1E-05,0.00017754849999999
31.673,28.400,-0.044,1E-05,0.00017853299999999
31.773,28.500,-0.043,1E-05,0.000179552999999991
31.873,28.600,-0.042,1.1E-05,0.000180571499999991
31.973,28.700,-0.041,1E-05,0.000181613999999991
32.073,28.800,-0.04,9E-06,0.000182635499999991
32.173,28.900,-0.039,9E-06,0.000183623499999991
32.273,29.000,-0.038,1E-05,0.000184665999999991
32.373,29.100,-0.037,1E-05,0.000185664999999991
32.473,29.200,-0.036,1E-05,0.000186697999999991
32.573,29.300,-0.035,1.2E-05,0.000187711999999991
32.673,29.400,-0.034,1.1E-05,0.000188746499999992
32.773,29.500,-0.033,9E-06,0.000189772499999992
32.873,29.600,-0.032,1.1E-05,0.000190774499999992
32.973,29.700,-0.031,1.1E-05,0.000191780499999992
33.073,29.800,-0.03,1.1E-05,0.000192795499999992
33.173,29.900,-0.029,1E-05,0.000193824999999992
33.273,30.000,-0.028,9E-06,0.000194864499999992
33.373,30.100,-0.027,1.1E-05,0.000195879499999992
33.473,30.200,-0.026,1E-05,0.000196898999999992
33.573,30.300,-0.025,1E-05,0.000197918999999992
33.673,30.400,-0.024,1E-05,0.000198968999999993
33.773,30.500,-0.023,1.1E-05,0.000199976499999993
33.873,30.600,-0.022,1.1E-05,0.000201029499999993
33.973,30.700,-0.021,1.1E-05,0.000202077499999993
34.073,30.800,-0.02,1E-05,0.000203111999999993
34.173,30.900,-0.019,1E-05,0.000204127999999993
34.273,31.000,-0.018,1.2E-05,0.000205184999999993
34.373,31.100,-0.017,1E-05,0.000206217999999993
34.473,31.200,-0.016,1.1E-05,0.000207273499999993
34.573,31.300,-0.015,1.2E-05,0.000208331999999993
34.673,31.400,-0.014,1.1E-05,0.000209397499999993
34.773,31.500,-0.013,9E-06,0.000210428499999994
34.873,31.600,-0.012,1.1E-05,0.000211501499999994
34.973,31.700,-0.011,1.1E-05,0.000212548499999994
35.073,31.800,-0.01,1.1E-05,0.000213613499999994
35.173,31.900,-0.009,1E-05,0.000214694999999994
35.273,32.000,-0.008,1.1E-05,0.000215753499999994
35.373,32.100,-0.007,1.2E-05,0.000216814999999994
35.473,32.200,-0.006,1E-05,0.000217899999999995
35.573,32.300,-0.005,1.1E-05,0.000218956499999995
35.673,32.400,-0.004,1.1E-05,0.000220051499999995
35.773,32.500,-0.003,1E-05,0.000221116999999995
35.873,32.600,-0.002,1.1E-05,0.000222194499999996
35.973,32.700,-0.001,1.2E-05,0.000223241999999996
36.073,32.800,0,1.1E-05,0.000224306499999996
36.173,32.900,0.001,1.1E-05,0.000225403499999996
36.273,33.000,0.002,1.1E-05,0.000226501499999996
36.373,33.100,0.003,1.1E-05,0.000227560499999996
36.473,33.200,0.004,1.1E-05,0.000228629499999996
36.573,33.300,0.005,1E-05,0.000229707999999997
36.673,33.400,0.006,1.1E-05,0.000230759499999997
36.773,33.500,0.007,1.1E-05,0.000231822499999997
36.873,33.600,0.008,1.1E-05,0.000232912499999997
36.973,33.700,0.009,9E-06,0.000233979499999997
37.073,33.800,0.01,1.1E-05,0.000235057499999998
37.173,33.900,0.011,1.1E-05,0.000236186499999998
37.273,34.000,0.012,1.2E-05,0.000237306999999998
37.373,34.100,0.013,1.2E-05,0.000238433999999999
37.473,34.200,0.014,1.2E-05,0.000239526999999999
37.573,34.300,0.015,1.1E-05,0.000240643499999999
37.673,34.400,0.016,1.1E-05,0.000241747499999999
37.773,34.500,0.017,1.2E-05,0.000242862
37.873,34.600,0.018,1E-05,0.000243972
37.973,34.700,0.019,1E-05,0.000245061
38.073,34.800,0.02,1E-05,0.000246135
38.173,34.900,0.021,1.2E-05,0.000247223
38.273,35.000,0.022,1.2E-05,0.000248276
38.373,35.100,0.023,1.1E-05,0.0002493665
38.473,35.200,0.024,1.1E-05,0.0002504605
38.573,35.300,0.025,1.2E-05,0.000251567999999999
38.673,35.400,0.026,1.3E-05,0.000252660499999999
38.773,35.500,0.027,1.1E-05,0.000253743499999999
38.873,35.600,0.028,1.1E-05,0.000254871499999998
38.973,35.700,0.029,1.2E-05,0.000256024999999998
39.073,35.800,0.03,1.1E-05,0.000257169499999998
39.173,35.900,0.031,1.2E-05,0.000258289999999999
39.273,36.000,0.032,1.1E-05,0.000259438499999999
39.373,36.100,0.033,1.1E-05,0.000260549499999999
39.473,36.200,0.034,1.1E-05,0.000261661499999998
39.573,36.300,0.035,1.2E-05,0.000262764999999998
39.673,36.400,0.036,1.1E-05,0.000263916499999998
39.773,36.500,0.037,1.1E-05,0.000265024499999998
39.873,36.600,0.038,1.2E-05,0.000266091999999998
39.973,36.700,0.039,1.1E-05,0.000267239499999998
40.073,36.800,0.04,1.1E-05,0.000268371499999997
40.173,36.900,0.041,1.2E-05,0.000269481999999997
40.273,37.000,0.042,1.2E-05,0.000270640999999997
40.373,37.100,0.043,1.1E-05,0.000271757499999997
40.473,37.200,0.044,1.1E-05,0.000272898499999998
40.573,37.300,0.045,1E-05,0.000274010999999997
40.673,37.400,0.046,1.2E-05,0.000275163999999997
40.773,37.500,0.047,1.2E-05,0.000276256999999997
40.873,37.600,0.048,1.2E-05,0.000277400999999997
40.973,37.700,0.049,1.2E-05,0.000278521999999997
41.073,37.800,0.05,1.3E-05,0.000279625499999997
41.173,37.900,0.051,1E-05,0.000280742999999997
41.273,38.000,0.052,1.2E-05,0.000281879999999997
41.373,38.100,0.053,1.1E-05,0.000283019499999997
41.473,38.200,0.054,1.1E-05,0.000284189499999997
41.573,38.300,0.055,1.2E-05,0.000285321999999996
41.673,38.400,0.056,1.1E-05,0.000286469499999996
41.773,38.500,0.057,1.3E-05,0.000287597499999996
41.873,38.600,0.058,1.3E-05,0.000288745499999996
41.973,38.700,0.059,1.2E-05,0.000289902999999996
42.073,38.800,0.06,1.1E-05,0.000291001499999996
42.173,38.900,0.061,1.2E-05,0.000292146999999996
42.273,39.000,0.062,1.2E-05,0.000293283999999996
42.373,39.100,0.063,1.3E-05,0.000294436499999996
42.473,39.200,0.064,1.1E-05,0.000295595499999996
42.573,39.300,0.065,1.1E-05,0.000296761499999996
42.673,39.400,0.066,1.1E-05,0.000297922499999996
42.773,39.500,0.067,1.1E-05,0.000299087499999997
42.873,39.600,0.068,1.1E-05,0.000300227499999996
42.973,39.700,0.069,1.2E-05,0.000301397999999996
43.073,39.800,0.07,1.2E-05,0.000302575999999996
43.173,39.900,0.071,1.1E-05,0.000303749499999996
43.273,40.000,0.072,1.2E-05,0.000304895999999997
43.373,40.100,0.073,1.1E-05,0.000306048499999997
43.473,40.200,0.074,1.2E-05,0.000307195999999997
43.573,40.300,0.075,1.1E-05,0.000308347499999997
43.673,40.400,0.076,1.1E-05,0.000309525499999997
43.773,40.500,0.077,1.1E-05,0.000310680499999997
43.873,40.600,0.078,1.2E-05,0.000311833999999997
43.973,40.700,0.079,1.1E-05,0.000313005499999997
44.073,40.800,0.08,1.3E-05,0.000314199499999997
44.173,40.900,0.081,1.2E-05,0.000315395999999998
44.273,41.000,0.082,1.2E-05,0.000316561999999998
44.373,41.100,0.083,1.2E-05,0.000317758999999998
44.473,41.200,0.084,1.2E-05,0.000318945999999998
44.573,41.300,0.085,1.2E-05,0.000320124999999998
44.673,41.400,0.086,1.2E-05,0.000321312999999999
44.773,41.500,0.087,1E-05,0.000322489999999998
44.873,41.600,0.088,1.2E-05,0.000323694999999999
44.973,41.700,0.089,1.2E-05,0.000324910999999999
45.073,41.800,0.09,1.1E-05,0.000326108499999999
45.173,41.900,0.091,1.2E-05,0.000327306999999999
45.273,42.000,0.092,1.2E-05,0.000328470999999999
45.373,42.100,0.093,1.4E-05,0.000329668
45.473,42.200,0.094,1.1E-05,0.0003308685
45.573,42.300,0.095,1.3E-05,0.0003320755
45.673,42.400,0.096,1.2E-05,0.000333274
45.773,42.500,0.097,1.2E-05,0.000334474
45.873,42.600,0.098,1.2E-05,0.000335662000000001
45.973,42.700,0.099,1.3E-05,0.000336831500000001
46.073,42.800,0.1,1.2E-05,0.000338024000000001
46.173,42.900,0.101,1.2E-05,0.000339240000000001
46.273,43.000,0.102,1.2E-05,0.000340442000000001
46.373,43.100,0.103,1.3E-05,0.000341645500000001
46.473,43.200,0.104,1.3E-05,0.000342849500000002
46.573,43.300,0.105,1.1E-05,0.000344069500000002
46.673,43.400,0.106,1.2E-05,0.000345259000000002
46.773,43.500,0.107,1.3E-05,0.000346457500000002
46.873,43.600,0.108,1.2E-05,0.000347675000000003
46.973,43.700,0.109,1.2E-05,0.000348876000000003
47.073,43.800,0.11,1.1E-05,0.000350084500000003
47.173,43.900,0.111,1.2E-05,0.000351299000000003
47.273,44.000,0.112,1.2E-05,0.000352525000000004
47.373,44.100,0.113,1.4E-05,0.000353743000000004
47.473,44.200,0.114,1.4E-05,0.000354997000000004
47.573,44.300,0.115,1.4E-05,0.000356235000000004
47.673,44.400,0.116,1.4E-05,0.000357501000000004
47.773,44.500,0.117,1.1E-05,0.000358760500000005
47.873,44.600,0.118,1.3E-05,0.000360004500000005
47.973,44.700,0.119,1.1E-05,0.000361213500000005
48.073,44.800,0.12,1.1E-05,0.000362393500000005
48.173,44.900,0.121,1.2E-05,0.000363626000000006
48.273,45.000,0.122,1.2E-05,0.000364860000000006
48.373,45.100,0.123,1.3E-05,0.000366111500000006
48.473,45.200,0.124,1.2E-05,0.000367340000000006
48.573,45.300,0.125,1.3E-05,0.000368570500000006
48.673,45.400,0.126,1.3E-05,0.000369819500000007
48.773,45.500,0.127,1.3E-05,0.000371093500000007
48.873,45.600,0.128,1.4E-05,0.000372358000000007
48.973,45.700,0.129,1.2E-05,0.000373623000000007
49.073,45.800,0.13,1.2E-05,0.000374873000000007
49.173,45.900,0.131,1.2E-05,0.000376096000000008
49.273,46.000,0.132,1.3E-05,0.000377317500000008
49.373,46.100,0.133,1.3E-05,0.000378545500000008
49.473,46.200,0.134,1.3E-05,0.000379854500000008
49.573,46.300,0.135,1.2E-05,0.000381115000000008
49.673,46.400,0.136,1.2E-05,0.000382382000000008
49.773,46.500,0.137,1.2E-05,0.000383609000000008
49.873,46.600,0.138,1.3E-05,0.000384818500000008
49.973,46.700,0.139,1.3E-05,0.000386059500000009
50.073,46.800,0.14,1.1E-05,0.000387328500000009
50.173,46.900,0.141,1.2E-05,0.000388588000000009
50.273,47.000,0.142,1.2E-05,0.00038982300000001
50.373,47.100,0.143,1.2E-05,0.00039106300000001
50.473,47.200,0.144,1.2E-05,0.00039230400000001
50.573,47.300,0.145,1.4E-05,0.00039354500000001
50.673,47.400,0.146,1.1E-05,0.00039479150000001
50.773,47.500,0.147,1.3E-05,0.00039602050000001
50.873,47.600,0.148,1.3E-05,0.00039730050000001
50.973,47.700,0.149,1.2E-05,0.00039855000000001
51.073,47.800,0.15,1.3E-05,0.00039981250000001
51.173,47.900,0.151,1.4E-05,0.000401059000000011
51.273,48.000,0.152,1.4E-05,0.000402319000000011
51.373,48.100,0.153,1.3E-05,0.000403579500000011
51.473,48.200,0.154,1.4E-05,0.000404849000000011
51.573,48.300,0.155,1.2E-05,0.000406097000000011
51.673,48.400,0.156,1.3E-05,0.000407383500000011
51.773,48.500,0.157,1.3E-05,0.000408654500000011
51.873,48.600,0.158,1.3E-05,0.000409923500000011
51.973,48.700,0.159,1.3E-05,0.000411177500000012
52.073,48.800,0.16,1.3E-05,0.000412452500000012
52.173,48.900,0.161,1.4E-05,0.000413718000000012
52.273,49.000,0.162,1.3E-05,0.000415004500000011
52.373,49.100,0.163,1.2E-05,0.000416279000000012
52.473,49.200,0.164,1.4E-05,0.000417576000000012
52.573,49.300,0.165,1.3E-05,0.000418883500000012
52.673,49.400,0.166,1.2E-05,0.000420198000000011
52.773,49.500,0.167,1.2E-05,0.000421474000000011
52.873,49.600,0.168,1.3E-05,0.000422739500000011
52.973,49.700,0.169,1.2E-05,0.000424008000000012
53.073,49.800,0.17,1.2E-05,0.000425316000000012
53.173,49.900,0.171,1.2E-05,0.000426589000000012
53.273,50.000,0.172,1.1E-05,0.000427922500000011
53.373,50.100,0.173,1.2E-05,0.000429180000000012
53.473,50.200,0.174,1.2E-05,0.000430497000000011
53.573,50.300,0.175,1.2E-05,0.000431798000000011
53.673,50.400,0.176,1.3E-05,0.000433080500000011
53.773,50.500,0.177,1.3E-05,0.000434375500000011
53.873,50.600,0.178,1.3E-05,0.000435681500000011
53.973,50.700,0.179,1.2E-05,0.000436966000000011
54.073,50.800,0.18,1.3E-05,0.00043828150000001
54.173,50.900,0.181,1.3E-05,0.00043957150000001
54.273,51.000,0.182,1.3E-05,0.00044086750000001
54.373,51.100,0.183,1.4E-05,0.00044217200000001
54.473,51.200,0.184,1.2E-05,0.00044348500000001
54.573,51.300,0.185,1.2E-05,0.000444785000000009
54.673,51.400,0.186,1.4E-05,0.000446069000000009
54.773,51.500,0.187,1.2E-05,0.000447379000000009
54.873,51.600,0.188,1.2E-05,0.000448711000000009
54.973,51.700,0.189,1.3E-05,0.000450040500000009
55.073,51.800,0.19,1.5E-05,0.000451367500000008
55.173,51.900,0.191,1.2E-05,0.000452695000000008
55.273,52.000,0.192,1.3E-05,0.000454011500000008
55.373,52.100,0.193,1.1E-05,0.000455333500000007
55.473,52.200,0.194,1.5E-05,0.000456680500000007
55.573,52.300,0.195,1.3E-05,0.000458018500000006
55.673,52.400,0.196,1.3E-05,0.000459346500000006
55.773,52.500,0.197,1.3E-05,0.000460654500000006
55.873,52.600,0.198,1.3E-05,0.000461981500000005
55.973,52.700,0.199,1.3E-05,0.000463321500000005
56.073,52.800,0.2,1.3E-05,0.000464648500000004
56.173,52.900,0.201,1.5E-05,0.000466000500000004
56.273,53.000,0.202,1.2E-05,0.000467351000000003
56.373,53.100,0.203,1.3E-05,0.000468656500000003
56.473,53.200,0.204,1.3E-05,0.000470014500000002
56.573,53.300,0.205,1.3E-05,0.000471370500000002
56.673,53.400,0.206,1.3E-05,0.000472724500000001
56.773,53.500,0.207,1.3E-05,0.0004740955
56.873,53.600,0.208,1.4E-05,0.000475445999999999
56.973,53.700,0.209,1.4E-05,0.000476780999999999
57.073,53.800,0.21,1.3E-05,0.000478115499999999
57.173,53.900,0.211,1.4E-05,0.000479477999999998
57.273,54.000,0.212,1.2E-05,0.000480822999999998
57.373,54.100,0.213,1.5E-05,0.000482162499999997
57.473,54.200,0.214,1.4E-05,0.000483567999999997
57.573,54.300,0.215,1.4E-05,0.000484935999999996
57.673,54.400,0.216,1.2E-05,0.000486313999999995
57.773,54.500,0.217,1.4E-05,0.000487709999999995
57.873,54.600,0.218,1.4E-05,0.000489066999999995
57.973,54.700,0.219,1.5E-05,0.000490474499999996
58.073,54.800,0.22,1.4E-05,0.000491842999999997
58.173,54.900,0.221,1.4E-05,0.000493202999999999
58.273,55.000,0.222,1.5E-05,0.0004945965
58.373,55.100,0.223,1.3E-05,0.000495967500000001
58.473,55.200,0.224,1.4E-05,0.000497325000000003
58.573,55.300,0.225,1.4E-05,0.000498709000000005
58.673,55.400,0.226,1.4E-05,0.000500116000000006
58.773,55.500,0.227,1.4E-05,0.000501496000000006
58.873,55.600,0.228,1.5E-05,0.000502876500000007
58.973,55.700,0.229,1.4E-05,0.000504287000000006
59.073,55.800,0.23,1.5E-05,0.000505674500000007
59.173,55.900,0.231,1.4E-05,0.000507057000000008
59.273,56.000,0.232,1.4E-05,0.000508442000000011
59.373,56.100,0.233,1.4E-05,0.000509785000000012
59.473,56.200,0.234,1.4E-05,0.000511182000000012
59.573,56.300,0.235,1.3E-05,0.000512582500000014
59.673,56.400,0.236,1.4E-05,0.000513968000000015
59.773,56.500,0.237,1.3E-05,0.000515334500000017
59.873,56.600,0.238,1.5E-05,0.000516717500000017
59.973,56.700,0.239,1.3E-05,0.000518095500000018
60.073,56.800,0.24,1.5E-05,0.000519497500000018
60.173,56.900,0.241,1.5E-05,0.000520902500000018
60.273,57.000,0.242,1.5E-05,0.000522341500000017
60.373,57.100,0.243,1.3E-05,0.000523745500000018
60.473,57.200,0.244,1.5E-05,0.000525135500000019
60.573,57.300,0.245,1.4E-05,0.000526560000000019
60.673,57.400,0.246,1.3E-05,0.000527975500000019
60.773,57.500,0.247,1.4E-05,0.00052936400000002
60.873,57.600,0.248,1.5E-05,0.00053079850000002
60.973,57.700,0.249,1.4E-05,0.000532205000000021
61.073,57.800,0.25,1.4E-05,0.000533650000000022
61.173,57.900,0.251,1.4E-05,0.000535063000000022
61.273,58.000,0.252,1.3E-05,0.000536447500000022
61.373,58.100,0.253,1.3E-05,0.000537871500000022
61.473,58.200,0.254,1.4E-05,0.000539246000000024
61.573,58.300,0.255,1.3E-05,0.000540655500000024
61.673,58.400,0.256,1.5E-05,0.000542067500000025
61.773,58.500,0.257,1.5E-05,0.000543513500000024
61.873,58.600,0.258,1.4E-05,0.000544940000000026
61.973,58.700,0.259,1.4E-05,0.000546358000000026
62.073,58.800,0.26,1.6E-05,0.000547761000000027
62.173,58.900,0.261,1.4E-05,0.000549200000000027
62.273,59.000,0.262,1.5E-05,0.000550638500000027
62.373,59.100,0.263,1.5E-05,0.000552076500000026
62.473,59.200,0.264,1.4E-05,0.000553520000000026
62.573,59.300,0.265,1.4E-05,0.000554972000000026
62.673,59.400,0.266,1.4E-05,0.000556418000000024
62.773,59.500,0.267,1.5E-05,0.000557861500000024
62.873,59.600,0.268,1.5E-05,0.000559317500000022
62.973,59.700,0.269,1.4E-05,0.000560763000000021
63.073,59.800,0.27,1.6E-05,0.00056222300000002
63.173,59.900,0.271,1.5E-05,0.00056366150000002
63.273,60.000,0.272,1.4E-05,0.000565117000000018
63.373,60.100,0.273,1.5E-05,0.000566576500000017
63.473,60.200,0.274,1.4E-05,0.000568027000000017
63.573,60.300,0.275,1.5E-05,0.000569455500000016
63.673,60.400,0.276,1.4E-05,0.000570926000000015
63.773,60.500,0.277,1.5E-05,0.000572399500000013
63.873,60.600,0.278,1.5E-05,0.000573858500000013
63.973,60.700,0.279,1.5E-05,0.000575281500000012
64.073,60.800,0.28,1.5E-05,0.000576741500000012
64.173,60.900,0.281,1.5E-05,0.000578182500000012
64.273,61.000,0.282,1.6E-05,0.000579674000000009
64.373,61.100,0.283,1.3E-05,0.000581103500000009
64.473,61.200,0.284,1.6E-05,0.000582589000000007
64.573,61.300,0.285,1.4E-05,0.000584053000000008
64.673,61.400,0.286,1.5E-05,0.000585486500000008
64.773,61.500,0.287,1.4E-05,0.000586933000000007
64.873,61.600,0.288,1.5E-05,0.000588394500000006
64.973,61.700,0.289,1.6E-05,0.000589882000000004
65.073,61.800,0.29,1.5E-05,0.000591367500000002
65.173,61.900,0.291,1.6E-05,0.000592848000000001
65.273,62.000,0.292,1.5E-05,0.000594378499999998
65.373,62.100,0.293,1.6E-05,0.000595880999999995
65.473,62.200,0.294,1.5E-05,0.000597368499999993
65.573,62.300,0.295,1.6E-05,0.000598859999999992
65.673,62.400,0.296,1.5E-05,0.000600350499999991
65.773,62.500,0.297,1.6E-05,0.000601856999999989
65.873,62.600,0.298,1.5E-05,0.000603376499999985
65.973,62.700,0.299,1.6E-05,0.000604898999999983
66.073,62.800,0.3,1.3E-05,0.00060638249999998
66.173,62.900,0.301,1.5E-05,0.000607867499999978
66.273,63.000,0.302,1.3E-05,0.000609364499999975
66.373,63.100,0.303,1.6E-05,0.000610865999999973
66.473,63.200,0.304,1.5E-05,0.000612373499999972
66.573,63.300,0.305,1.6E-05,0.000613907999999969
66.673,63.400,0.306,1.5E-05,0.000615406499999966
66.773,63.500,0.307,1.5E-05,0.000616913499999963
66.873,63.600,0.308,1.6E-05,0.000618408999999961
66.973,63.700,0.309,1.5E-05,0.000619931499999959
67.073,63.800,0.31,1.6E-05,0.000621434999999957
67.173,63.900,0.311,1.5E-05,0.000622932499999956
67.273,64.000,0.312,1.5E-05,0.000624435499999953
67.373,64.100,0.313,1.5E-05,0.000625915499999952
67.473,64.200,0.314,1.5E-05,0.00062744049999995
67.573,64.300,0.315,1.5E-05,0.000628996499999949
67.673,64.400,0.316,1.5E-05,0.000630511499999948
67.773,64.500,0.317,1.6E-05,0.000632048999999947
67.873,64.600,0.318,1.7E-05,0.000633579499999945
67.973,64.700,0.319,1.5E-05,0.000635133499999944
68.073,64.800,0.32,1.7E-05,0.000636685499999943
68.173,64.900,0.321,1.6E-05,0.000638233999999941
68.273,65.000,0.322,1.5E-05,0.000639771499999939
68.373,65.100,0.323,1.4E-05,0.000641286999999939
68.473,65.200,0.324,1.6E-05,0.000642825999999938
68.573,65.300,0.325,1.6E-05,0.000644409999999936
68.673,65.400,0.326,1.6E-05,0.000645952999999934
68.773,65.500,0.327,1.5E-05,0.000647500499999932
68.873,65.600,0.328,1.7E-05,0.00064903849999993
68.973,65.700,0.329,1.6E-05,0.000650606999999929
69.073,65.800,0.33,1.5E-05,0.000652194499999927
69.173,65.900,0.331,1.6E-05,0.000653711999999925
69.273,66.000,0.332,1.5E-05,0.000655255499999924
69.373,66.100,0.333,1.6E-05,0.000656795999999922
69.473,66.200,0.334,1.6E-05,0.000658352999999921
69.573,66.300,0.335,1.7E-05,0.000659890499999919
69.673,66.400,0.336,1.7E-05,0.000661453499999917
69.773,66.500,0.337,1.7E-05,0.000663006499999916
69.873,66.600,0.338,1.5E-05,0.000664585499999914
69.973,66.700,0.339,1.7E-05,0.000666166499999913
70.073,66.800,0.34,1.6E-05,0.00066776599999991
70.173,66.900,0.341,1.7E-05,0.000669364499999909
70.273,67.000,0.342,1.5E-05,0.000670944499999906
70.373,67.100,0.343,1.5E-05,0.000672513499999904
70.473,67.200,0.344,1.7E-05,0.000674085499999903
70.573,67.300,0.345,1.6E-05,0.0006756629999999
70.673,67.400,0.346,1.6E-05,0.000677236999999898
70.773,67.500,0.347,1.7E-05,0.000678834499999896
70.873,67.600,0.348,1.6E-05,0.000680438999999895
70.973,67.700,0.349,1.6E-05,0.000682045999999893
71.073,67.800,0.35,1.6E-05,0.000683644999999891
71.173,67.900,0.351,1.7E-05,0.000685278499999888
71.273,68.000,0.352,1.6E-05,0.000686850999999887
71.373,68.100,0.353,1.6E-05,0.000688423999999884
71.473,68.200,0.354,1.6E-05,0.000690023999999883
71.573,68.300,0.355,1.6E-05,0.000691640999999881
71.673,68.400,0.356,1.6E-05,0.00069323499999988
71.773,68.500,0.357,1.6E-05,0.000694845999999878
71.873,68.600,0.358,1.6E-05,0.000696437999999876
71.973,68.700,0.359,1.5E-05,0.000698060499999874
72.073,68.800,0.36,1.7E-05,0.000699656499999873
72.173,68.900,0.361,1.6E-05,0.00070125999999987
72.273,69.000,0.362,1.6E-05,0.000702894999999869
72.373,69.100,0.363,1.7E-05,0.000704523499999866
72.473,69.200,0.364,1.7E-05,0.000706144499999865
72.573,69.300,0.365,1.7E-05,0.000707749499999862
72.673,69.400,0.366,1.7E-05,0.00070940649999986
72.773,69.500,0.367,1.6E-05,0.000711032999999859
72.873,69.600,0.368,1.8E-05,0.000712680999999856
72.973,69.700,0.369,1.6E-05,0.000714368999999855
73.073,69.800,0.37,1.6E-05,0.000716044999999853
73.173,69.900,0.371,1.6E-05,0.000717686999999851
73.273,70.000,0.372,1.7E-05,0.000719331499999849
73.373,70.100,0.373,1.7E-05,0.000721009499999847
73.473,70.200,0.374,1.7E-05,0.000722663499999845
73.573,70.300,0.375,1.7E-05,0.000724300499999844
73.673,70.400,0.376,1.7E-05,0.000725943499999842
73.773,70.500,0.377,1.8E-05,0.00072758999999984
73.873,70.600,0.378,1.7E-05,0.000729234499999838
73.973,70.700,0.379,1.7E-05,0.000730896499999836
74.073,70.800,0.38,1.7E-05,0.000732576499999834
74.173,70.900,0.381,1.9E-05,0.000734279499999833
74.273,71.000,0.382,1.7E-05,0.000735933499999831
74.373,71.100,0.383,1.7E-05,0.000737592499999829
74.473,71.200,0.384,1.9E-05,0.000739265499999827
74.573,71.300,0.385,1.8E-05,0.000740985999999826
74.673,71.400,0.386,1.7E-05,0.000742641499999824
74.773,71.500,0.387,1.6E-05,0.000744288999999822
74.873,71.600,0.388,1.7E-05,0.000745978499999821
74.973,71.700,0.389,1.8E-05,0.000747660999999819
75.073,71.800,0.39,1.7E-05,0.000749347499999817
75.173,71.900,0.391,1.6E-05,0.000751049999999816
75.273,72.000,0.392,1.8E-05,0.000752717999999814
75.373,72.100,0.393,1.9E-05,0.000754426499999813
75.473,72.200,0.394,1.8E-05,0.000756162999999812
75.573,72.300,0.395,1.8E-05,0.00075786099999981
75.673,72.400,0.396,1.6E-05,0.000759552999999809
75.773,72.500,0.397,1.8E-05,0.000761266999999808
75.873,72.600,0.398,1.8E-05,0.000762997999999806
75.973,72.700,0.399,1.7E-05,0.000764721499999805
76.073,72.800,0.4,1.8E-05,0.000766448999999804
76.173,72.900,0.401,1.8E-05,0.000768169999999802
76.273,73.000,0.402,1.8E-05,0.000769917999999801
76.373,73.100,0.403,1.8E-05,0.0007716139999998
76.473,73.200,0.404,1.7E-05,0.000773342499999799
76.573,73.300,0.405,1.8E-05,0.000775054999999798
76.673,73.400,0.406,1.8E-05,0.000776795999999797
76.773,73.500,0.407,1.7E-05,0.000778523499999796
76.873,73.600,0.408,1.7E-05,0.000780235499999794
76.973,73.700,0.409,1.8E-05,0.000781974999999793
77.073,73.800,0.41,1.9E-05,0.000783710499999792
77.173,73.900,0.411,1.7E-05,0.000785470499999791
77.273,74.000,0.412,1.8E-05,0.00078723899999979
77.373,74.100,0.413,1.8E-05,0.000788995999999789
77.473,74.200,0.414,1.8E-05,0.000790763999999788
77.573,74.300,0.415,1.9E-05,0.000792512499999788
77.673,74.400,0.416,1.7E-05,0.000794257499999786
77.773,74.500,0.417,1.8E-05,0.000796023999999786
77.873,74.600,0.418,1.8E-05,0.000797799999999785
77.973,74.700,0.419,1.8E-05,0.000799543999999784
78.073,74.800,0.42,2E-05,0.000801341999999784
78.173,74.900,0.421,1.8E-05,0.000803152999999784
78.273,75.000,0.422,1.7E-05,0.000804930499999784
78.373,75.100,0.423,1.9E-05,0.000806705499999783
78.473,75.200,0.424,1.9E-05,0.000808520499999783
78.573,75.300,0.425,1.7E-05,0.000810337499999783
78.673,75.400,0.426,1.8E-05,0.000812153999999783
78.773,75.500,0.427,1.9E-05,0.000813975499999783
78.873,75.600,0.428,1.7E-05,0.000815768499999782
78.973,75.700,0.429,1.8E-05,0.000817557999999782
79.073,75.800,0.43,1.8E-05,0.000819355999999782
79.173,75.900,0.431,1.7E-05,0.000821172499999782
79.273,76.000,0.432,1.8E-05,0.000822954999999781
79.373,76.100,0.433,1.8E-05,0.000824757999999781
79.473,76.200,0.434,1.8E-05,0.000826555999999781
79.573,76.300,0.435,1.8E-05,0.00082834699999978
79.673,76.400,0.436,2E-05,0.00083013499999978
79.773,76.500,0.437,1.9E-05,0.00083197149999978
79.873,76.600,0.438,1.9E-05,0.00083377149999978
79.973,76.700,0.439,1.8E-05,0.00083561799999978
80.073,76.800,0.44,1.8E-05,0.00083744899999978
80.173,76.900,0.441,1.9E-05,0.000839293499999781
80.273,77.000,0.442,1.8E-05,0.000841114999999781
80.373,77.100,0.443,1.8E-05,0.000842978999999781
80.473,77.200,0.444,1.8E-05,0.000844843999999782
80.573,77.300,0.445,1.8E-05,0.000846723999999783
80.673,77.400,0.446,1.8E-05,0.000848588999999783
80.773,77.500,0.447,1.9E-05,0.000850467499999783
80.873,77.600,0.448,1.9E-05,0.000852322499999783
80.973,77.700,0.449,1.9E-05,0.000854210499999784
81.073,77.800,0.45,1.9E-05,0.000856087499999784
81.173,77.900,0.451,1.9E-05,0.000857961499999784
81.273,78.000,0.452,1.9E-05,0.000859845499999785
81.373,78.100,0.453,2E-05,0.000861737999999786
81.473,78.200,0.454,1.8E-05,0.000863594999999786
81.573,78.300,0.455,1.9E-05,0.000865426499999786
81.673,78.400,0.456,2E-05,0.000867314999999787
81.773,78.500,0.457,1.9E-05,0.000869189499999787
81.873,78.600,0.458,2E-05,0.000871078999999788
81.973,78.700,0.459,1.8E-05,0.000872935999999788
82.073,78.800,0.46,2E-05,0.000874829999999789
82.173,78.900,0.461,2E-05,0.000876769999999789
82.273,79.000,0.462,1.9E-05,0.00087868749999979
82.373,79.100,0.463,1.9E-05,0.00088063649999979
82.473,79.200,0.464,1.9E-05,0.00088258649999979
82.573,79.300,0.465,1.9E-05,0.00088452849999979
82.673,79.400,0.466,1.9E-05,0.000886410499999791
82.773,79.500,0.467,2E-05,0.000888324999999791
82.873,79.600,0.468,1.8E-05,0.000890253999999792
82.973,79.700,0.469,1.9E-05,0.000892195499999792
83.073,79.800,0.47,2.1E-05,0.000894152499999792
83.173,79.900,0.471,2.1E-05,0.000896097499999793
83.273,80.000,0.472,2E-05,0.000898054999999793
83.373,80.100,0.473,2E-05,0.000900001999999793
83.473,80.200,0.474,2E-05,0.000901965999999794
83.573,80.300,0.475,1.9E-05,0.000903916499999794
83.673,80.400,0.476,2E-05,0.000905886999999794
83.773,80.500,0.477,1.9E-05,0.000907844499999794
83.873,80.600,0.478,2E-05,0.000909851999999794
83.973,80.700,0.479,2E-05,0.000911829999999795
84.073,80.800,0.48,2E-05,0.000913821999999795
84.173,80.900,0.481,2E-05,0.000915820999999795
84.273,81.000,0.482,2E-05,0.000917825999999794
84.373,81.100,0.483,2E-05,0.000919798999999794
84.473,81.200,0.484,2E-05,0.000921782999999794
84.573,81.300,0.485,1.9E-05,0.000923772499999795
84.673,81.400,0.486,2E-05,0.000925752999999794
84.773,81.500,0.487,2E-05,0.000927758999999795
84.873,81.600,0.488,2E-05,0.000929815999999794
84.973,81.700,0.489,2E-05,0.000931827999999794
85.073,81.800,0.49,2E-05,0.000933840999999794
85.173,81.900,0.491,1.9E-05,0.000935862499999794
85.273,82.000,0.492,2E-05,0.000937872999999794
85.373,82.100,0.493,2E-05,0.000939936999999793
85.473,82.200,0.494,2.1E-05,0.000941982499999793
85.573,82.300,0.495,2.1E-05,0.000944025499999793
85.673,82.400,0.496,2.2E-05,0.000946084999999792
85.773,82.500,0.497,2E-05,0.000948125999999793
85.873,82.600,0.498,2.1E-05,0.000950178499999792
85.973,82.700,0.499,2.1E-05,0.000952271499999792
86.073,82.800,0.5,2.1E-05,0.000954367499999793
86.173,82.900,0.501,2.2E-05,0.000956457999999792
86.273,83.000,0.502,2.1E-05,0.000958540499999792
86.373,83.100,0.503,2.1E-05,0.000960632499999792
86.473,83.200,0.504,2.1E-05,0.000962699499999793
86.573,83.300,0.505,2.2E-05,0.000964798999999793
86.673,83.400,0.506,2.1E-05,0.000966901499999793
86.773,83.500,0.507,2.2E-05,0.000969019999999793
86.873,83.600,0.508,2.2E-05,0.000971132999999793
86.973,83.700,0.509,2.2E-05,0.000973254999999794
87.073,83.800,0.51,2.1E-05,0.000975385499999794
87.173,83.900,0.511,2.1E-05,0.000977498499999794
87.273,84.000,0.512,2.2E-05,0.000979630999999792
87.373,84.100,0.513,2.1E-05,0.000981787499999789
87.473,84.200,0.514,2.2E-05,0.000983939999999786
87.573,84.300,0.515,2.1E-05,0.000986086499999783
87.673,84.400,0.516,2.2E-05,0.000988229999999781
87.773,84.500,0.517,2.2E-05,0.00099042399999978
87.873,84.600,0.518,2.3E-05,0.000992581499999778
87.973,84.700,0.519,2.2E-05,0.000994750999999776
88.073,84.800,0.52,2.1E-05,0.000996930499999773
88.173,84.900,0.521,2.3E-05,0.000999115499999772
88.273,85.000,0.522,2.4E-05,0.00100129199999977
88.373,85.100,0.523,2.1E-05,0.00100345049999977
88.473,85.200,0.524,2.2E-05,0.00100566699999976
88.573,85.300,0.525,2.2E-05,0.00100785699999976
88.673,85.400,0.526,2.3E-05,0.00101007349999976
88.773,85.500,0.527,2.1E-05,0.00101231149999976
88.873,85.600,0.528,2.3E-05,0.00101451149999976
88.973,85.700,0.529,2.3E-05,0.00101676049999976
89.073,85.800,0.53,2.2E-05,0.00101900999999975
89.173,85.900,0.531,2.2E-05,0.00102125999999975
89.273,86.000,0.532,2.2E-05,0.00102350499999975
89.373,86.100,0.533,2.3E-05,0.00102575249999975
89.473,86.200,0.534,2.2E-05,0.00102803199999975
89.573,86.300,0.535,2.3E-05,0.00103030049999975
89.673,86.400,0.536,2.3E-05,0.00103257949999975
89.773,86.500,0.537,2.3E-05,0.00103488449999975
89.873,86.600,0.538,2.5E-05,0.00103722449999975
89.973,86.700,0.539,2.3E-05,0.00103953649999974
90.073,86.800,0.54,2.2E-05,0.00104185999999974
90.173,86.900,0.541,2.4E-05,0.00104419099999974
90.273,87.000,0.542,2.4E-05,0.00104653399999974
90.373,87.100,0.543,2.4E-05,0.00104886299999974
90.473,87.200,0.544,2.3E-05,0.00105121549999974
90.573,87.300,0.545,2.4E-05,0.00105357699999974
90.673,87.400,0.546,2.4E-05,0.00105589899999974
90.773,87.500,0.547,2.4E-05,0.00105826799999974
90.873,87.600,0.548,2.4E-05,0.00106064099999974
90.973,87.700,0.549,2.6E-05,0.00106301299999974
91.073,87.800,0.55,2.4E-05,0.00106541399999974
91.173,87.900,0.551,2.4E-05,0.00106781299999974
91.273,88.000,0.552,2.4E-05,0.00107020399999974
91.373,88.100,0.553,2.4E-05,0.00107261799999974
91.473,88.200,0.554,2.6E-05,0.00107505999999974
91.573,88.300,0.555,2.5E-05,0.00107752249999974
91.673,88.400,0.556,2.5E-05,0.00107994149999974
91.773,88.500,0.557,2.4E-05,0.00108235999999974
91.873,88.600,0.558,2.6E-05,0.00108480099999974
91.973,88.700,0.559,2.5E-05,0.00108728149999974
92.073,88.800,0.56,2.6E-05,0.00108978399999974
92.173,88.900,0.561,2.3E-05,0.00109221649999974
92.273,89.000,0.562,2.6E-05,0.00109467199999974
92.373,89.100,0.563,2.5E-05,0.00109714649999974
92.473,89.200,0.564,2.5E-05,0.00109965749999974
92.573,89.300,0.565,2.4E-05,0.00110216199999974
92.673,89.400,0.566,2.4E-05,0.00110466699999974
92.773,89.500,0.567,2.6E-05,0.00110720699999974
92.873,89.600,0.568,2.5E-05,0.00110977049999974
92.973,89.700,0.569,2.5E-05,0.00111231149999974
93.073,89.800,0.57,2.6E-05,0.00111486699999974
93.173,89.900,0.571,2.5E-05,0.00111745349999974
93.273,90.000,0.572,2.7E-05,0.00112005849999975
93.373,90.100,0.573,2.7E-05,0.00112266549999975
93.473,90.200,0.574,2.5E-05,0.00112530149999975
93.573,90.300,0.575,2.8E-05,0.00112798499999975
93.673,90.400,0.576,2.7E-05,0.00113067949999975
93.773,90.500,0.577,2.8E-05,0.00113334299999975
93.873,90.600,0.578,2.7E-05,0.00113604549999975
93.973,90.700,0.579,2.7E-05,0.00113876949999975
94.073,90.800,0.58,2.8E-05,0.00114148799999975
94.173,90.900,0.581,2.7E-05,0.00114422249999975
94.273,91.000,0.582,2.7E-05,0.00114700049999975
94.373,91.100,0.583,2.6E-05,0.00114979099999975
94.473,91.200,0.584,2.9E-05,0.00115256449999975
94.573,91.300,0.585,2.9E-05,0.00115538549999976
94.673,91.400,0.586,2.9E-05,0.00115824149999976
94.773,91.500,0.587,2.9E-05,0.00116106349999976
94.873,91.600,0.588,3E-05,0.00116388799999976
94.973,91.700,0.589,3E-05,0.00116679899999976
95.073,91.800,0.59,2.9E-05,0.00116971049999976
95.173,91.900,0.591,2.9E-05,0.00117263949999976
95.273,92.000,0.592,2.9E-05,0.00117558049999976
95.373,92.100,0.593,2.9E-05,0.00117856749999975
95.473,92.200,0.594,2.9E-05,0.00118154549999975
95.573,92.300,0.595,3E-05,0.00118455399999975
95.673,92.400,0.596,3E-05,0.00118759599999975
95.773,92.500,0.597,3E-05,0.00119064899999975
95.873,92.600,0.598,3.2E-05,0.00119372299999975
95.973,92.700,0.599,3.1E-05,0.00119686149999975
96.073,92.800,0.6,3.2E-05,0.00119998099999975
96.173,92.900,0.601,3.3E-05,0.00120316649999974
96.273,93.000,0.602,3.2E-05,0.00120635799999974
96.373,93.100,0.603,3.2E-05,0.00120958599999974
96.473,93.200,0.604,3.3E-05,0.00121285649999974
96.573,93.300,0.605,3.3E-05,0.00121613349999974
96.673,93.400,0.606,3.4E-05,0.00121945099999974
96.773,93.500,0.607,3.5E-05,0.00122278749999974
96.873,93.600,0.608,3.4E-05,0.00122617299999974
96.973,93.700,0.609,3.6E-05,0.00122955099999974
97.073,93.800,0.61,3.5E-05,0.00123303249999974
97.173,93.900,0.611,3.5E-05,0.00123651449999974
97.273,94.000,0.612,3.5E-05,0.00124004749999974
97.373,94.100,0.613,3.6E-05,0.00124364299999974
97.473,94.200,0.614,3.6E-05,0.00124725899999974
97.573,94.300,0.615,3.6E-05,0.00125091999999974
97.673,94.400,0.616,3.6E-05,0.00125458699999974
97.773,94.500,0.617,3.7E-05,0.00125831149999974
97.873,94.600,0.618,3.8E-05,0.00126210199999974
97.973,94.700,0.619,4E-05,0.00126589399999974
98.073,94.800,0.62,4E-05,0.00126974399999975
98.173,94.900,0.621,4E-05,0.00127371199999975
98.273,95.000,0.622,4E-05,0.00127769699999975
98.373,95.100,0.623,4.1E-05,0.00128173349999975
98.473,95.200,0.624,4.1E-05,0.00128581749999975
98.573,95.300,0.625,4.2E-05,0.00128992699999975
98.673,95.400,0.626,4.2E-05,0.00129414799999975
98.773,95.500,0.627,4.3E-05,0.00129839249999975
98.873,95.600,0.628,4.3E-05,0.00130271549999975
98.973,95.700,0.629,4.4E-05,0.00130709599999975
99.073,95.800,0.63,4.5E-05,0.00131151349999975
99.173,95.900,0.631,4.6E-05,0.00131599299999975
99.273,96.000,0.632,4.6E-05,0.00132054099999975
99.373,96.100,0.633,4.6E-05,0.00132513599999975
99.473,96.200,0.634,4.8E-05,0.00132981099999975
99.573,96.300,0.635,4.8E-05,0.00133458999999975
99.673,96.400,0.636,4.9E-05,0.00133940849999975
99.773,96.500,0.637,5E-05,0.00134433399999975
99.873,96.600,0.638,4.9E-05,0.00134929949999975
99.973,96.700,0.639,5E-05,0.00135438599999975
100.073,96.800,0.64,5.4E-05,0.00135953199999975
100.173,96.900,0.641,5.3E-05,0.00136477449999975
100.273,97.000,0.642,5.3E-05,0.00137007849999975
100.373,97.100,0.643,5.4E-05,0.00137548999999974
100.473,97.200,0.644,5.7E-05,0.00138100049999974
100.573,97.300,0.645,5.7E-05,0.00138661449999974
100.673,97.400,0.646,5.5E-05,0.00139228049999974
100.773,97.500,0.647,5.9E-05,0.00139805349999975
100.873,97.600,0.648,6.1E-05,0.00140394949999975
100.973,97.700,0.649,6E-05,0.00140994499999975
101.073,97.800,0.65,6.2E-05,0.00141600099999975
101.173,97.900,0.651,6.3E-05,0.00142220249999975
101.273,98.000,0.652,6.3E-05,0.00142848649999975
101.373,98.100,0.653,6.5E-05,0.00143490449999975
101.473,98.200,0.654,6.6E-05,0.00144142599999975
101.573,98.300,0.655,6.7E-05,0.00144809849999975
101.673,98.400,0.656,7E-05,0.00145489399999975
101.773,98.500,0.657,7E-05,0.00146181199999975
101.873,98.600,0.658,7.2E-05,0.00146884399999974
101.973,98.700,0.659,7.2E-05,0.00147602799999974
102.073,98.800,0.66,7.5E-05,0.00148335849999974
102.173,98.900,0.661,7.5E-05,0.00149084149999974
102.273,99.000,0.662,7.6E-05,0.00149844099999974
102.373,99.100,0.663,7.8E-05,0.00150620599999974
102.473,99.200,0.664,8.2E-05,0.00151412599999974
102.573,99.300,0.665,8.3E-05,0.00152222749999974
102.673,99.400,0.666,8.2E-05,0.00153048399999974
102.773,99.500,0.667,8.5E-05,0.00153889149999974
102.873,99.600,0.668,8.6E-05,0.00154745799999974
102.973,99.700,0.669,8.7E-05,0.00155622349999974
103.073,99.800,0.67,9.2E-05,0.00156510799999974
103.173,99.900,0.671,9.1E-05,0.00157415449999974
103.273,100.000,0.672,9.4E-05,0.00158338599999975
103.373,100.100,0.673,9.5E-05,0.00159281649999974
103.473,100.200,0.674,9.7E-05,0.00160242949999974
103.573,100.300,0.675,9.9E-05,0.00161224049999974
103.673,100.400,0.676,0.000101,0.00162224349999974
103.773,100.500,0.677,0.000104,0.00163246199999974
103.873,100.600,0.678,0.000106,0.00164287899999974
103.973,100.700,0.679,0.000107,0.00165348949999974
104.073,100.800,0.68,0.000109,0.00166432149999974
104.173,100.900,0.681,0.000113,0.00167536649999974
104.273,101.000,0.682,0.000114,0.00168669399999974
104.373,101.100,0.683,0.000116,0.00169821699999974
104.473,101.200,0.684,0.000118,0.00170998599999974
104.573,101.300,0.685,0.00012,0.00172197099999974
104.673,101.400,0.686,0.000123,0.00173423649999974
104.773,101.500,0.687,0.000126,0.00174675399999974
104.873,101.600,0.688,0.00013,0.00175953999999974
104.973,101.700,0.689,0.000131,0.00177259849999974
105.073,101.800,0.69,0.000134,0.00178592699999974
105.173,101.900,0.691,0.000138,0.00179957299999974
105.273,102.000,0.692,0.000141,0.00181351249999974
105.373,102.100,0.693,0.000143,0.00182775649999974
105.473,102.200,0.694,0.000147,0.00184228349999974
105.573,102.300,0.695,0.000149,0.00185711749999974
105.673,102.400,0.696,0.000151,0.00187228849999974
105.773,102.500,0.697,0.000157,0.00188777749999974
105.873,102.600,0.698,0.000161,0.00190364149999974
105.973,102.700,0.699,0.000163,0.00191984449999974
106.073,102.800,0.7,0.000168,0.00193640299999974
106.173,102.900,0.701,0.000171,0.00195334049999974
106.273,103.000,0.702,0.000174,0.00197069199999974
106.373,103.100,0.703,0.000178,0.00198841799999974
106.473,103.200,0.704,0.000184,0.00200657499999974
106.573,103.300,0.705,0.000188,0.00202513199999974
106.673,103.400,0.706,0.000192,0.00204416499999974
106.773,103.500,0.707,0.000196,0.00206366599999974
106.873,103.600,0.708,0.000202,0.00208364599999974
106.973,103.700,0.709,0.000206,0.00210410399999974
107.073,103.800,0.71,0.000211,0.00212504049999974
107.173,103.900,0.711,0.000216,0.00214643699999974
107.273,104.000,0.712,0.000221,0.00216842849999974
107.373,104.100,0.713,0.000227,0.00219088449999974
107.473,104.200,0.714,0.000231,0.00221389749999974
107.573,104.300,0.715,0.000239,0.00223747949999974
107.673,104.400,0.716,0.000244,0.00226164599999974
107.773,104.500,0.717,0.000249,0.00228637649999974
107.873,104.600,0.718,0.000255,0.00231172149999974
107.973,104.700,0.719,0.000261,0.00233768149999974
108.073,104.800,0.72,0.000268,0.00236425199999974
108.173,104.900,0.721,0.000274,0.00239148799999974
108.273,105.000,0.722,0.000282,0.00241938799999974
108.373,105.100,0.723,0.000288,0.00244798199999974
108.473,105.200,0.724,0.000295,0.00247726949999974
108.573,105.300,0.725,0.000304,0.00250726299999974
108.673,105.400,0.726,0.000311,0.00253796849999974
108.773,105.500,0.727,0.00032,0.00256945799999974
108.873,105.600,0.728,0.000327,0.00260174549999974
108.973,105.700,0.729,0.000336,0.00263479499999974
109.073,105.800,0.73,0.000343,0.00266870749999974
109.173,105.900,0.731,0.000351,0.00270346149999974
109.273,106.000,0.732,0.00036,0.00273902599999974
109.373,106.100,0.733,0.000368,0.00277544199999974
109.473,106.200,0.734,0.000379,0.00281278749999974
109.573,106.300,0.735,0.000387,0.00285112149999974
109.673,106.400,0.736,0.000396,0.00289037899999974
109.773,106.500,0.737,0.000407,0.00293057949999974
109.873,106.600,0.738,0.000415,0.00297172949999974
109.973,106.700,0.739,0.000427,0.00301386349999974
110.073,106.800,0.74,0.000435,0.00305701549999974
110.173,106.900,0.741,0.000446,0.00310111099999974
110.273,107.000,0.742,0.000456,0.00314622399999974
110.373,107.100,0.743,0.000466,0.00319236099999974
110.473,107.200,0.744,0.000477,0.00323962349999974
110.573,107.300,0.745,0.000488,0.00328791699999974
110.673,107.400,0.746,0.0005,0.00333740999999974
110.773,107.500,0.747,0.000511,0.00338798249999974
110.873,107.600,0.748,0.000522,0.00343968799999974
110.973,107.700,0.749,0.000533,0.00349255749999974
111.073,107.800,0.75,0.000548,0.00354669299999974
111.173,107.900,0.751,0.00056,0.00360210299999974
111.273,108.000,0.752,0.000572,0.00365877599999975
111.373,108.100,0.753,0.000584,0.00371677699999974
111.473,108.200,0.754,0.000597,0.00377602549999974
111.573,108.300,0.755,0.000612,0.00383654199999974
111.673,108.400,0.756,0.000624,0.00389834099999974
111.773,108.500,0.757,0.000637,0.00396148249999974
111.873,108.600,0.758,0.000652,0.00402602199999974
111.973,108.700,0.759,0.000665,0.00409192549999974
112.073,108.800,0.76,0.000682,0.00415930899999975
112.173,108.900,0.761,0.000698,0.00422818199999975
112.273,109.000,0.762,0.000711,0.00429857949999975
112.373,109.100,0.763,0.000725,0.00437050549999975
112.473,109.200,0.764,0.000741,0.00444388249999974
112.573,109.300,0.765,0.000756,0.00451887699999975
112.673,109.400,0.766,0.000774,0.00459548799999974
112.773,109.500,0.767,0.000789,0.00467368849999975
112.873,109.600,0.768,0.000805,0.00475341849999974
112.973,109.700,0.769,0.000822,0.00483482199999974
113.073,109.800,0.77,0.000838,0.00491787299999974
113.173,109.900,0.771,0.000855,0.00500252349999973
113.273,110.000,0.772,0.000871,0.00508888349999974
113.373,110.100,0.773,0.000889,0.00517687849999973
113.473,110.200,0.774,0.000904,0.00526659099999973
113.573,110.300,0.775,0.000921,0.00535800049999974
113.673,110.400,0.776,0.00094,0.00545109299999973
113.773,110.500,0.777,0.000958,0.00554604199999974
113.873,110.600,0.778,0.000974,0.00564274299999974
113.973,110.700,0.779,0.000994,0.00574129099999973
114.073,110.800,0.78,0.001013,0.00584173549999974
114.173,110.900,0.781,0.001032,0.00594403499999974
114.273,111.000,0.782,0.00105,0.00604820999999974
114.373,111.100,0.783,0.00107,0.00615422499999974
114.473,111.200,0.784,0.001088,0.00626214599999973
114.573,111.300,0.785,0.001106,0.00637194299999974
114.673,111.400,0.786,0.001125,0.00648362649999973
114.773,111.500,0.787,0.001146,0.00659727599999974
114.873,111.600,0.788,0.001165,0.00671293249999973
114.973,111.700,0.789,0.001185,0.00683050749999973
115.073,111.800,0.79,0.001206,0.00695009799999974
115.173,111.900,0.791,0.001227,0.00707173149999973
115.273,112.000,0.792,0.001246,0.00719549299999974
115.373,112.100,0.793,0.001267,0.00732127949999973
115.473,112.200,0.794,0.001288,0.00744916399999972
115.573,112.300,0.795,0.001309,0.00757903049999973
115.673,112.400,0.796,0.001329,0.00771098549999972
115.773,112.500,0.797,0.001351,0.00784513849999974
115.873,112.600,0.798,0.001373,0.00798143649999973
115.973,112.700,0.799,0.001396,0.00811992199999974
116.073,112.800,0.8,0.001416,0.00826060799999975
