出力日時,2021/06/21 13:30:25
データソース,hematite_First.S1-3-1_LSV
表示対象ノード,Root\ECstat-301\LSV
Time(s),NodeTime(s),OutputVoltage(V),Current(A),Capacity(C)
3.366,0.100,-0.386,1E-06,1.155E-07
3.466,0.200,-0.385,1E-06,2.155E-07
3.566,0.300,-0.384,2E-06,3.45E-07
3.666,0.400,-0.383,1E-06,4.545E-07
3.766,0.500,-0.382,1E-06,5.915E-07
3.866,0.600,-0.381,1E-06,7.47500000000001E-07
3.966,0.700,-0.38,1E-06,8.91500000000001E-07
4.066,0.800,-0.379,0,1.049E-06
4.166,0.900,-0.378,2E-06,1.215E-06
4.266,1.000,-0.377,2E-06,1.389E-06
4.366,1.100,-0.376,2E-06,1.545E-06
4.466,1.200,-0.375,2E-06,1.72199999999999E-06
4.566,1.300,-0.374,1E-06,1.91549999999999E-06
4.666,1.400,-0.373,2E-06,2.11799999999999E-06
4.766,1.500,-0.372,2E-06,2.30899999999999E-06
4.866,1.600,-0.371,2E-06,2.51599999999999E-06
4.966,1.700,-0.37,2E-06,2.69899999999999E-06
5.066,1.800,-0.369,2E-06,2.91499999999999E-06
5.166,1.900,-0.368,2E-06,3.12699999999999E-06
5.266,2.000,-0.367,2E-06,3.32699999999999E-06
5.366,2.100,-0.366,2E-06,3.56999999999999E-06
5.466,2.200,-0.365,3E-06,3.77549999999999E-06
5.566,2.300,-0.364,2E-06,4.004E-06
5.666,2.400,-0.363,3E-06,4.20350000000001E-06
5.766,2.500,-0.362,2E-06,4.41600000000002E-06
5.866,2.600,-0.361,2E-06,4.62900000000003E-06
5.966,2.700,-0.36,3E-06,4.89450000000003E-06
6.066,2.800,-0.359,3E-06,5.14850000000004E-06
6.166,2.900,-0.358,2E-06,5.39800000000005E-06
6.266,3.000,-0.357,2E-06,5.64000000000006E-06
6.366,3.100,-0.356,2E-06,5.91500000000007E-06
6.466,3.200,-0.355,3E-06,6.16850000000008E-06
6.566,3.300,-0.354,2E-06,6.43000000000008E-06
6.666,3.400,-0.353,3E-06,6.69250000000009E-06
6.766,3.500,-0.352,2E-06,6.9510000000001E-06
6.866,3.600,-0.351,4E-06,7.23200000000011E-06
6.966,3.700,-0.35,3E-06,7.52250000000012E-06
7.066,3.800,-0.349,3E-06,7.80350000000012E-06
7.166,3.900,-0.348,3E-06,8.13850000000015E-06
7.266,4.000,-0.347,3E-06,8.44250000000018E-06
7.366,4.100,-0.346,3E-06,8.73550000000019E-06
7.466,4.200,-0.345,3E-06,9.03250000000022E-06
7.566,4.300,-0.344,4E-06,9.31200000000024E-06
7.666,4.400,-0.343,2E-06,9.63700000000026E-06
7.766,4.500,-0.342,3E-06,9.96950000000029E-06
7.866,4.600,-0.341,2E-06,1.03020000000003E-05
7.966,4.700,-0.34,3E-06,1.06275000000004E-05
8.066,4.800,-0.339,3E-06,1.09645000000004E-05
8.166,4.900,-0.338,4E-06,1.12890000000004E-05
8.266,5.000,-0.337,3E-06,1.16155000000004E-05
8.366,5.100,-0.336,3E-06,1.19365000000004E-05
8.466,5.200,-0.335,4E-06,1.22660000000005E-05
8.566,5.300,-0.334,3E-06,1.26155000000005E-05
8.666,5.400,-0.333,3E-06,1.29235000000005E-05
8.766,5.500,-0.332,4E-06,1.32840000000006E-05
8.866,5.600,-0.331,4E-06,1.36620000000006E-05
8.966,5.700,-0.33,4E-06,1.40590000000006E-05
9.066,5.800,-0.329,4E-06,1.44020000000007E-05
9.166,5.900,-0.328,3E-06,1.47945000000007E-05
9.266,6.000,-0.327,4E-06,1.51600000000007E-05
9.366,6.100,-0.326,2E-06,1.55290000000008E-05
9.466,6.200,-0.325,5E-06,1.59315000000008E-05
9.566,6.300,-0.324,4E-06,1.63230000000008E-05
9.666,6.400,-0.323,4E-06,1.67320000000008E-05
9.766,6.500,-0.322,4E-06,1.71560000000008E-05
9.866,6.600,-0.321,5E-06,1.75985000000008E-05
9.966,6.700,-0.32,5E-06,1.80195000000008E-05
10.066,6.800,-0.319,5E-06,1.84305000000009E-05
10.166,6.900,-0.318,5E-06,1.88615000000009E-05
10.266,7.000,-0.317,4E-06,1.92990000000009E-05
10.366,7.100,-0.316,5E-06,1.97285000000009E-05
10.466,7.200,-0.315,4E-06,2.0170000000001E-05
10.566,7.300,-0.314,5E-06,2.0604500000001E-05
10.666,7.400,-0.313,3E-06,2.1019500000001E-05
10.766,7.500,-0.312,4E-06,2.1481000000001E-05
10.866,7.600,-0.311,4E-06,2.1952000000001E-05
10.966,7.700,-0.31,6E-06,2.2392000000001E-05
11.066,7.800,-0.309,5E-06,2.2847500000001E-05
11.166,7.900,-0.308,5E-06,2.3312500000001E-05
11.266,8.000,-0.307,3E-06,2.37715000000011E-05
11.366,8.100,-0.306,5E-06,2.42385000000011E-05
11.466,8.200,-0.305,5E-06,2.47355000000011E-05
11.566,8.300,-0.304,5E-06,2.52025000000012E-05
11.666,8.400,-0.303,5E-06,2.56885000000012E-05
11.766,8.500,-0.302,5E-06,2.61735000000012E-05
11.866,8.600,-0.301,6E-06,2.66900000000012E-05
11.966,8.700,-0.3,5E-06,2.71895000000013E-05
12.066,8.800,-0.299,5E-06,2.77185000000013E-05
12.166,8.900,-0.298,6E-06,2.82130000000013E-05
12.266,9.000,-0.297,5E-06,2.87445000000013E-05
12.366,9.100,-0.296,5E-06,2.92735000000013E-05
12.466,9.200,-0.295,6E-06,2.97730000000013E-05
12.566,9.300,-0.294,5E-06,3.03065000000013E-05
12.666,9.400,-0.293,5E-06,3.08805000000013E-05
12.766,9.500,-0.292,6E-06,3.14280000000013E-05
12.866,9.600,-0.291,5E-06,3.19975000000014E-05
12.966,9.700,-0.29,5E-06,3.25535000000014E-05
13.066,9.800,-0.289,6E-06,3.31300000000014E-05
13.166,9.900,-0.288,5E-06,3.36955000000015E-05
13.266,10.000,-0.287,6E-06,3.42950000000015E-05
13.366,10.100,-0.286,6E-06,3.48620000000015E-05
13.466,10.200,-0.285,7E-06,3.54715000000015E-05
13.566,10.300,-0.284,6E-06,3.60750000000015E-05
13.666,10.400,-0.283,5E-06,3.66665000000015E-05
13.766,10.500,-0.282,5E-06,3.72855000000016E-05
13.866,10.600,-0.281,6E-06,3.78860000000016E-05
13.966,10.700,-0.28,5E-06,3.84925000000016E-05
14.066,10.800,-0.279,7E-06,3.91235000000016E-05
14.166,10.900,-0.278,6E-06,3.97740000000016E-05
14.266,11.000,-0.277,6E-06,4.04180000000017E-05
14.366,11.100,-0.276,6E-06,4.10750000000017E-05
14.466,11.200,-0.275,7E-06,4.17325000000017E-05
14.566,11.300,-0.274,7E-06,4.24055000000017E-05
14.666,11.400,-0.273,7E-06,4.30455000000018E-05
14.766,11.500,-0.272,6E-06,4.37270000000018E-05
14.866,11.600,-0.271,7E-06,4.44105000000018E-05
14.966,11.700,-0.27,7E-06,4.51045000000018E-05
15.066,11.800,-0.269,6E-06,4.57930000000018E-05
15.166,11.900,-0.268,7E-06,4.64875000000018E-05
15.266,12.000,-0.267,7E-06,4.72055000000019E-05
15.366,12.100,-0.266,8E-06,4.79310000000019E-05
15.466,12.200,-0.265,8E-06,4.86750000000019E-05
15.566,12.300,-0.264,7E-06,4.94215000000019E-05
15.666,12.400,-0.263,7E-06,5.0137500000002E-05
15.766,12.500,-0.262,8E-06,5.0860000000002E-05
15.866,12.600,-0.261,8E-06,5.1626000000002E-05
15.966,12.700,-0.26,7E-06,5.24155000000021E-05
16.066,12.800,-0.259,9E-06,5.32285000000021E-05
16.166,12.900,-0.258,8E-06,5.40370000000022E-05
16.266,13.000,-0.257,8E-06,5.48180000000022E-05
16.366,13.100,-0.256,7E-06,5.56455000000023E-05
16.466,13.200,-0.255,7E-06,5.64745000000023E-05
16.566,13.300,-0.254,8E-06,5.72900000000024E-05
16.666,13.400,-0.253,7E-06,5.81135000000024E-05
16.766,13.500,-0.252,8E-06,5.89980000000024E-05
16.866,13.600,-0.251,8E-06,5.98390000000025E-05
16.966,13.700,-0.25,8E-06,6.07160000000025E-05
17.066,13.800,-0.249,8E-06,6.15940000000024E-05
17.166,13.900,-0.248,8E-06,6.24790000000023E-05
17.266,14.000,-0.247,9E-06,6.33945000000021E-05
17.366,14.100,-0.246,9E-06,6.4342500000002E-05
17.466,14.200,-0.245,1E-05,6.52890000000019E-05
17.566,14.300,-0.244,9E-06,6.62285000000018E-05
17.666,14.400,-0.243,1E-05,6.72140000000018E-05
17.766,14.500,-0.242,1E-05,6.82090000000017E-05
17.866,14.600,-0.241,9E-06,6.91995000000016E-05
17.966,14.700,-0.24,9E-06,7.01925000000016E-05
18.066,14.800,-0.239,1E-05,7.12310000000016E-05
18.166,14.900,-0.238,1.1E-05,7.22815000000016E-05
18.266,15.000,-0.237,1.1E-05,7.33175000000016E-05
18.366,15.100,-0.236,1E-05,7.43840000000016E-05
18.466,15.200,-0.235,1E-05,7.54570000000016E-05
18.566,15.300,-0.234,1.2E-05,7.65120000000017E-05
18.666,15.400,-0.233,1.1E-05,7.76345000000018E-05
18.766,15.500,-0.232,1.1E-05,7.87725000000019E-05
18.866,15.600,-0.231,1.2E-05,7.9921000000002E-05
18.966,15.700,-0.23,1.1E-05,8.11185000000021E-05
19.066,15.800,-0.229,1.1E-05,8.23035000000022E-05
19.166,15.900,-0.228,1.2E-05,8.35180000000023E-05
19.266,16.000,-0.227,1.3E-05,8.47605000000024E-05
19.366,16.100,-0.226,1.3E-05,8.59885000000024E-05
19.466,16.200,-0.225,1.2E-05,8.72570000000024E-05
19.566,16.300,-0.224,1.4E-05,8.85510000000025E-05
19.666,16.400,-0.223,1.5E-05,8.98725000000026E-05
19.766,16.500,-0.222,1.2E-05,9.12170000000026E-05
19.866,16.600,-0.221,1.3E-05,9.25645000000025E-05
19.966,16.700,-0.22,1.3E-05,9.39245000000026E-05
20.066,16.800,-0.219,1.3E-05,9.53345000000026E-05
20.166,16.900,-0.218,1.4E-05,9.67460000000025E-05
20.266,17.000,-0.217,1.5E-05,9.81645000000025E-05
20.366,17.100,-0.216,1.4E-05,9.96110000000025E-05
20.466,17.200,-0.215,1.5E-05,0.000101075500000003
20.566,17.300,-0.214,1.5E-05,0.000102563500000002
20.666,17.400,-0.213,1.6E-05,0.000104075000000002
20.766,17.500,-0.212,1.5E-05,0.000105610500000002
20.866,17.600,-0.211,1.5E-05,0.000107208500000003
20.966,17.700,-0.21,1.7E-05,0.000108805500000003
21.066,17.800,-0.209,1.6E-05,0.000110455000000003
21.166,17.900,-0.208,1.6E-05,0.000112118000000003
21.266,18.000,-0.207,1.8E-05,0.000113832000000003
21.366,18.100,-0.206,1.8E-05,0.000115586000000003
21.466,18.200,-0.205,1.7E-05,0.000117328500000003
21.566,18.300,-0.204,1.8E-05,0.000119089000000003
21.666,18.400,-0.203,1.8E-05,0.000120910000000003
21.766,18.500,-0.202,1.7E-05,0.000122749500000003
21.866,18.600,-0.201,1.8E-05,0.000124626000000003
21.966,18.700,-0.2,1.9E-05,0.000126583500000003
22.066,18.800,-0.199,1.9E-05,0.000128557500000003
22.166,18.900,-0.198,2E-05,0.000130600000000003
22.266,19.000,-0.197,2E-05,0.000132662000000003
22.366,19.100,-0.196,2.1E-05,0.000134735500000003
22.466,19.200,-0.195,2E-05,0.000136870000000003
22.566,19.300,-0.194,2.2E-05,0.000138997000000003
22.666,19.400,-0.193,2.3E-05,0.000141249500000003
22.766,19.500,-0.192,2.4E-05,0.000143488000000003
22.866,19.600,-0.191,2.4E-05,0.000145766000000003
22.966,19.700,-0.19,2.3E-05,0.000148086500000003
23.066,19.800,-0.189,2.3E-05,0.000150449500000003
23.166,19.900,-0.188,2.4E-05,0.000152860000000003
23.266,20.000,-0.187,2.5E-05,0.000155347500000004
23.366,20.100,-0.186,2.4E-05,0.000157824000000004
23.466,20.200,-0.185,2.5E-05,0.000160400500000004
23.566,20.300,-0.184,2.6E-05,0.000163023000000004
23.666,20.400,-0.183,2.8E-05,0.000165676000000005
23.766,20.500,-0.182,2.7E-05,0.000168382500000005
23.866,20.600,-0.181,2.7E-05,0.000171147500000005
23.966,20.700,-0.18,2.9E-05,0.000173960500000005
24.066,20.800,-0.179,2.8E-05,0.000176824000000005
24.166,20.900,-0.178,2.9E-05,0.000179721500000004
24.266,21.000,-0.177,3E-05,0.000182711000000004
24.366,21.100,-0.176,2.9E-05,0.000185747500000004
24.466,21.200,-0.175,3.1E-05,0.000188822500000004
24.566,21.300,-0.174,3.2E-05,0.000191974000000003
24.666,21.400,-0.173,3.1E-05,0.000195205500000003
24.766,21.500,-0.172,3.2E-05,0.000198468000000004
24.866,21.600,-0.171,3.4E-05,0.000201831000000003
24.966,21.700,-0.17,3.4E-05,0.000205234000000004
25.066,21.800,-0.169,3.5E-05,0.000208703500000004
25.166,21.900,-0.168,3.6E-05,0.000212232000000004
25.266,22.000,-0.167,3.7E-05,0.000215818500000004
25.366,22.100,-0.166,3.6E-05,0.000219479000000004
25.466,22.200,-0.165,3.8E-05,0.000223202000000004
25.566,22.300,-0.164,3.7E-05,0.000226989500000004
25.666,22.400,-0.163,3.8E-05,0.000230824000000004
25.766,22.500,-0.162,3.9E-05,0.000234774500000004
25.866,22.600,-0.161,3.9E-05,0.000238755500000004
25.966,22.700,-0.16,4E-05,0.000242839000000004
26.066,22.800,-0.159,4.1E-05,0.000246986500000004
26.166,22.900,-0.158,4.3E-05,0.000251221500000004
26.266,23.000,-0.157,4.4E-05,0.000255560000000004
26.366,23.100,-0.156,4.3E-05,0.000259920500000003
26.466,23.200,-0.155,4.6E-05,0.000264404000000003
26.566,23.300,-0.154,4.5E-05,0.000268918500000003
26.666,23.400,-0.153,4.7E-05,0.000273542500000002
26.766,23.500,-0.152,4.7E-05,0.000278227500000002
26.866,23.600,-0.151,4.7E-05,0.000283014500000001
26.966,23.700,-0.15,4.8E-05,0.000287903000000001
27.066,23.800,-0.149,5E-05,0.000292875000000001
27.166,23.900,-0.148,5E-05,0.000297945000000001
27.266,24.000,-0.147,5E-05,0.000303125000000001
27.366,24.100,-0.146,5.3E-05,0.000308331500000001
27.466,24.200,-0.145,5.2E-05,0.000313664000000001
27.566,24.300,-0.144,5.6E-05,0.000319053000000002
27.666,24.400,-0.143,5.5E-05,0.000324612500000002
27.766,24.500,-0.142,5.6E-05,0.000330207000000002
27.866,24.600,-0.141,5.7E-05,0.000335932500000001
27.966,24.700,-0.14,5.9E-05,0.000341739500000001
28.066,24.800,-0.139,5.9E-05,0.0003476525
28.166,24.900,-0.138,6E-05,0.000353658
28.266,25.000,-0.137,6.1E-05,0.000359799500000001
28.366,25.100,-0.136,6.2E-05,0.000366002
28.466,25.200,-0.135,6.4E-05,0.000372357
28.566,25.300,-0.134,6.5E-05,0.0003788135
28.666,25.400,-0.133,6.4E-05,0.000385374
28.766,25.500,-0.132,6.7E-05,0.0003920295
28.866,25.600,-0.131,6.8E-05,0.000398848
28.966,25.700,-0.13,6.9E-05,0.000405741500000001
29.066,25.800,-0.129,7E-05,0.000412749000000001
29.166,25.900,-0.128,7.1E-05,0.000419891500000001
29.266,26.000,-0.127,7.2E-05,0.000427154000000001
29.366,26.100,-0.126,7.4E-05,0.000434535
29.466,26.200,-0.125,7.5E-05,0.0004420435
29.566,26.300,-0.124,7.6E-05,0.000449663
29.666,26.400,-0.123,7.7E-05,0.0004574295
29.766,26.500,-0.122,7.9E-05,0.0004653045
29.866,26.600,-0.121,8.2E-05,0.000473288
29.966,26.700,-0.12,8.2E-05,0.000481414
30.066,26.800,-0.119,8.4E-05,0.000489665
30.166,26.900,-0.118,8.3E-05,0.000498038500000001
30.266,27.000,-0.117,8.6E-05,0.000506569000000001
30.366,27.100,-0.116,8.5E-05,0.0005151875
30.466,27.200,-0.115,8.8E-05,0.000523931999999998
30.566,27.300,-0.114,8.9E-05,0.000532815499999998
30.666,27.400,-0.113,9.1E-05,0.000541835499999999
30.766,27.500,-0.112,9.1E-05,0.0005509445
30.866,27.600,-0.111,9.4E-05,0.000560211000000001
30.966,27.700,-0.11,9.5E-05,0.0005696315
31.066,27.800,-0.109,9.6E-05,0.000579183999999998
31.166,27.900,-0.108,9.7E-05,0.000588849499999998
31.266,28.000,-0.107,9.9E-05,0.000598657499999999
31.366,28.100,-0.106,0.0001,0.000608594999999999
31.466,28.200,-0.105,0.000101,0.000618677499999997
31.566,28.300,-0.104,0.000104,0.000628904999999996
31.666,28.400,-0.103,0.000103,0.000639254499999997
31.766,28.500,-0.102,0.000106,0.000649773999999996
31.866,28.600,-0.101,0.000106,0.000660425999999997
31.966,28.700,-0.1,0.000109,0.000671213499999998
32.066,28.800,-0.099,0.00011,0.000682138999999997
32.166,28.900,-0.098,0.000112,0.000693223999999997
32.266,29.000,-0.097,0.000114,0.000704427999999996
32.366,29.100,-0.096,0.000115,0.000715812499999996
32.466,29.200,-0.095,0.000115,0.000727347499999997
32.566,29.300,-0.094,0.000118,0.000739050999999995
32.666,29.400,-0.093,0.000118,0.000750896999999994
32.766,29.500,-0.092,0.00012,0.000762894999999994
32.866,29.600,-0.091,0.000123,0.000775029499999995
32.966,29.700,-0.09,0.000124,0.000787377999999994
33.066,29.800,-0.089,0.000126,0.000799855999999993
33.166,29.900,-0.088,0.000127,0.000812469499999992
33.266,30.000,-0.087,0.000129,0.000825239499999993
33.366,30.100,-0.086,0.00013,0.000838196999999992
33.466,30.200,-0.085,0.000132,0.000851281999999992
33.566,30.300,-0.084,0.000133,0.000864522499999991
33.666,30.400,-0.083,0.000135,0.00087790949999999
33.766,30.500,-0.082,0.000136,0.000891472999999991
33.866,30.600,-0.081,0.000137,0.000905204499999992
33.966,30.700,-0.08,0.000139,0.000919112499999992
34.066,30.800,-0.079,0.000142,0.000933163999999991
34.166,30.900,-0.078,0.000143,0.000947416499999991
34.266,31.000,-0.077,0.000145,0.000961789499999993
34.366,31.100,-0.076,0.000147,0.000976341499999993
34.466,31.200,-0.075,0.000147,0.000991065499999994
34.566,31.300,-0.074,0.00015,0.001005966
34.666,31.400,-0.073,0.000151,0.00102104149999999
34.766,31.500,-0.072,0.000153,0.00103626349999999
34.866,31.600,-0.071,0.000155,0.00105169649999999
34.966,31.700,-0.07,0.000155,0.0010672865
35.066,31.800,-0.069,0.000158,0.00108307899999999
35.166,31.900,-0.068,0.000159,0.00109899949999999
35.266,32.000,-0.067,0.000163,0.00111518149999999
35.366,32.100,-0.066,0.000163,0.00113149149999999
35.466,32.200,-0.065,0.000165,0.00114800949999999
35.566,32.300,-0.064,0.000168,0.00116466599999999
35.666,32.400,-0.063,0.000169,0.0011815195
35.766,32.500,-0.062,0.00017,0.00119855699999999
35.866,32.600,-0.061,0.000174,0.00121575899999999
35.966,32.700,-0.06,0.000176,0.00123313499999999
36.066,32.800,-0.059,0.000178,0.00125070699999999
36.166,32.900,-0.058,0.000177,0.00126848949999999
36.266,33.000,-0.057,0.00018,0.00128642899999999
36.366,33.100,-0.056,0.000182,0.00130459599999999
36.466,33.200,-0.055,0.000185,0.00132294749999999
36.566,33.300,-0.054,0.000185,0.00134147749999999
36.666,33.400,-0.053,0.000189,0.00136024349999999
36.766,33.500,-0.052,0.00019,0.00137917499999999
36.866,33.600,-0.051,0.000193,0.00139835449999999
36.966,33.700,-0.05,0.000194,0.00141773399999999
37.066,33.800,-0.049,0.000198,0.00143734999999999
37.166,33.900,-0.048,0.000199,0.00145715549999999
37.266,34.000,-0.047,0.0002,0.00147711899999999
37.366,34.100,-0.046,0.000203,0.00149725149999999
37.466,34.200,-0.045,0.000203,0.00151761449999999
37.566,34.300,-0.044,0.000206,0.00153820199999999
37.666,34.400,-0.043,0.000209,0.00155901649999999
37.766,34.500,-0.042,0.00021,0.00158000299999998
37.866,34.600,-0.041,0.000213,0.00160117549999998
37.966,34.700,-0.04,0.000215,0.00162253949999998
38.066,34.800,-0.039,0.000216,0.00164413299999998
38.166,34.900,-0.038,0.000218,0.00166590799999998
38.266,35.000,-0.037,0.000221,0.00168787549999999
38.366,35.100,-0.036,0.000222,0.00171004799999998
38.466,35.200,-0.035,0.000225,0.00173246249999998
38.566,35.300,-0.034,0.000227,0.00175507549999998
38.666,35.400,-0.033,0.000229,0.00177785049999998
38.766,35.500,-0.032,0.000231,0.00180084949999998
38.866,35.600,-0.031,0.000233,0.00182407549999999
38.966,35.700,-0.03,0.000235,0.00184749149999998
39.066,35.800,-0.029,0.000237,0.00187113049999998
39.166,35.900,-0.028,0.00024,0.00189500799999998
39.266,36.000,-0.027,0.000241,0.00191908049999998
39.366,36.100,-0.026,0.000244,0.00194337199999998
39.466,36.200,-0.025,0.000246,0.00196787799999998
39.566,36.300,-0.024,0.000249,0.00199256549999998
39.666,36.400,-0.023,0.000249,0.00201749149999998
39.766,36.500,-0.022,0.000252,0.00204260199999997
39.866,36.600,-0.021,0.000254,0.00206793799999997
39.966,36.700,-0.02,0.000256,0.00209351599999998
40.066,36.800,-0.019,0.000258,0.00211930799999998
40.166,36.900,-0.018,0.00026,0.00214529899999998
40.266,37.000,-0.017,0.000263,0.00217151349999998
40.366,37.100,-0.016,0.000266,0.00219795799999998
40.466,37.200,-0.015,0.000267,0.00222460749999998
40.566,37.300,-0.014,0.000271,0.00225148149999998
40.666,37.400,-0.013,0.000272,0.00227857599999998
40.766,37.500,-0.012,0.000274,0.00230588699999998
40.866,37.600,-0.011,0.000275,0.00233339149999997
40.966,37.700,-0.01,0.00028,0.00236113399999997
41.066,37.800,-0.009,0.000281,0.00238905149999997
41.166,37.900,-0.008,0.000282,0.00241721999999998
41.266,38.000,-0.007,0.000285,0.00244562549999997
41.366,38.100,-0.006,0.000286,0.00247422299999997
41.466,38.200,-0.005,0.000291,0.00250304949999997
41.566,38.300,-0.004,0.000291,0.00253205649999997
41.666,38.400,-0.003,0.000293,0.00256131749999997
41.766,38.500,-0.002,0.000296,0.00259079399999996
41.866,38.600,-0.001,0.000298,0.00262049799999997
41.966,38.700,0,0.0003,0.00265047899999996
42.066,38.800,0.001,0.000303,0.00268066949999996
42.166,38.900,0.002,0.000305,0.00271103749999996
42.266,39.000,0.003,0.000307,0.00274164849999997
42.366,39.100,0.004,0.000309,0.00277249849999997
42.466,39.200,0.005,0.000311,0.00280359149999997
42.566,39.300,0.006,0.000315,0.00283487049999997
42.666,39.400,0.007,0.000315,0.00286641649999997
42.766,39.500,0.008,0.000318,0.00289820499999996
42.866,39.600,0.009,0.00032,0.00293017499999996
42.966,39.700,0.01,0.000323,0.00296240949999996
43.066,39.800,0.011,0.000326,0.00299486099999996
43.166,39.900,0.012,0.000326,0.00302752599999996
43.266,40.000,0.013,0.000331,0.00306046049999996
43.366,40.100,0.014,0.000333,0.00309365349999997
43.466,40.200,0.015,0.000334,0.00312704499999997
43.566,40.300,0.016,0.000337,0.00316064949999997
43.666,40.400,0.017,0.000339,0.00319450049999997
43.766,40.500,0.018,0.000341,0.00322856749999997
43.866,40.600,0.019,0.000343,0.00326287549999997
43.966,40.700,0.02,0.000345,0.00329740149999997
44.066,40.800,0.021,0.000348,0.00333212499999996
44.166,40.900,0.022,0.000351,0.00336714849999996
44.266,41.000,0.023,0.000354,0.00340239299999996
44.366,41.100,0.024,0.000357,0.00343785149999997
44.466,41.200,0.025,0.000358,0.00347356599999996
44.566,41.300,0.026,0.000359,0.00350949249999997
44.666,41.400,0.027,0.000363,0.00354564649999997
44.766,41.500,0.028,0.000365,0.00358203949999997
44.866,41.600,0.029,0.000368,0.00361864299999997
44.966,41.700,0.03,0.000369,0.00365549249999997
45.066,41.800,0.031,0.000372,0.00369254799999996
45.166,41.900,0.032,0.000375,0.00372989249999996
45.266,42.000,0.033,0.000378,0.00376749899999996
45.366,42.100,0.034,0.00038,0.00380529599999997
45.466,42.200,0.035,0.000381,0.00384334049999997
45.566,42.300,0.036,0.000385,0.00388162149999997
45.666,42.400,0.037,0.000389,0.00392019449999997
45.766,42.500,0.038,0.00039,0.00395901999999997
45.866,42.600,0.039,0.000392,0.00399800999999997
45.966,42.700,0.04,0.000394,0.00403728199999997
46.066,42.800,0.041,0.000395,0.00407677049999997
46.166,42.900,0.042,0.000398,0.00411650299999997
46.266,43.000,0.043,0.0004,0.00415647599999996
46.366,43.100,0.044,0.000403,0.00419667549999996
46.466,43.200,0.045,0.000405,0.00423704549999995
46.566,43.300,0.046,0.000406,0.00427767699999996
46.666,43.400,0.047,0.000409,0.00431850549999995
46.766,43.500,0.048,0.000412,0.00435957499999995
46.866,43.600,0.049,0.000414,0.00440091699999997
46.966,43.700,0.05,0.000417,0.00444247849999996
47.066,43.800,0.051,0.000417,0.00448424449999997
47.166,43.900,0.052,0.000421,0.00452627449999997
47.266,44.000,0.053,0.000424,0.00456852199999997
47.366,44.100,0.054,0.000425,0.00461100649999997
47.466,44.200,0.055,0.000427,0.00465369049999997
47.566,44.300,0.056,0.000432,0.00469663899999997
47.666,44.400,0.057,0.000433,0.00473981549999997
47.766,44.500,0.058,0.000435,0.00478327549999997
47.866,44.600,0.059,0.000437,0.00482688749999997
47.966,44.700,0.06,0.000441,0.00487077049999998
48.066,44.800,0.061,0.000441,0.00491488449999997
48.166,44.900,0.062,0.000444,0.00495923199999998
48.266,45.000,0.063,0.000447,0.00500380849999997
48.366,45.100,0.064,0.000449,0.00504858949999997
48.466,45.200,0.065,0.00045,0.00509360599999996
48.566,45.300,0.066,0.000454,0.00513886199999996
48.666,45.400,0.067,0.000455,0.00518434349999996
48.766,45.500,0.068,0.000458,0.00523003999999996
48.866,45.600,0.069,0.000459,0.00527599349999997
48.966,45.700,0.07,0.000461,0.00532216949999997
49.066,45.800,0.071,0.000464,0.00536856199999997
49.166,45.900,0.072,0.000467,0.00541517749999997
49.266,46.000,0.073,0.000468,0.00546201999999997
49.366,46.100,0.074,0.000472,0.00550908499999997
49.466,46.200,0.075,0.000475,0.00555640349999997
49.566,46.300,0.076,0.000476,0.00560396099999998
49.666,46.400,0.077,0.000478,0.00565175099999997
49.766,46.500,0.078,0.000481,0.00569973849999998
49.866,46.600,0.079,0.000483,0.00574798449999999
49.966,46.700,0.08,0.000486,0.00579644999999998
50.066,46.800,0.081,0.000487,0.00584511949999999
50.166,46.900,0.082,0.00049,0.00589407899999999
50.266,47.000,0.083,0.000493,0.00594325349999999
50.366,47.100,0.084,0.000495,0.00599264549999999
50.466,47.200,0.085,0.000498,0.00604229799999998
50.566,47.300,0.086,0.000499,0.00609211449999998
50.666,47.400,0.087,0.000502,0.00614217399999997
50.766,47.500,0.088,0.000504,0.00619248299999997
50.866,47.600,0.089,0.000506,0.00624299999999996
50.966,47.700,0.09,0.000509,0.00629380049999996
51.066,47.800,0.091,0.00051,0.00634479699999996
51.166,47.900,0.092,0.000513,0.00639598949999997
51.266,48.000,0.093,0.000515,0.00644740849999997
51.366,48.100,0.094,0.000519,0.00649906849999997
51.466,48.200,0.095,0.000521,0.00655096649999997
51.566,48.300,0.096,0.000521,0.00660310249999997
51.666,48.400,0.097,0.000524,0.00665544599999997
51.766,48.500,0.098,0.000527,0.00670797349999997
51.866,48.600,0.099,0.000529,0.00676073949999997
51.966,48.700,0.1,0.000531,0.00681373549999997
52.066,48.800,0.101,0.000533,0.00686694449999996
52.166,48.900,0.102,0.000535,0.00692041549999997
52.266,49.000,0.103,0.000538,0.00697407799999996
52.366,49.100,0.104,0.000539,0.00702796149999996
52.466,49.200,0.105,0.000541,0.00708207049999996
52.566,49.300,0.106,0.000544,0.00713639799999996
52.666,49.400,0.107,0.000547,0.00719097049999995
52.766,49.500,0.108,0.000549,0.00724574049999995
52.866,49.600,0.109,0.00055,0.00730075999999994
52.966,49.700,0.11,0.000553,0.00735602749999994
53.066,49.800,0.111,0.000555,0.00741150449999994
53.166,49.900,0.112,0.000559,0.00746721749999995
53.266,50.000,0.113,0.00056,0.00752315599999995
53.366,50.100,0.114,0.000561,0.00757927849999995
53.466,50.200,0.115,0.000565,0.00763571149999996
53.566,50.300,0.116,0.000567,0.00769233849999996
53.666,50.400,0.117,0.000569,0.00774923249999996
53.766,50.500,0.118,0.000571,0.00780633049999996
53.866,50.600,0.119,0.000574,0.00786368599999995
53.966,50.700,0.12,0.000577,0.00792132049999994
54.066,50.800,0.121,0.00058,0.00797914599999995
54.166,50.900,0.122,0.000581,0.00803720849999997
54.266,51.000,0.123,0.000583,0.00809548949999998
54.366,51.100,0.124,0.000587,0.00815399349999998
54.466,51.200,0.125,0.00059,0.00821267699999997
54.566,51.300,0.126,0.000589,0.00827162749999998
54.666,51.400,0.127,0.000593,0.00833075049999999
54.766,51.500,0.128,0.000596,0.008390141
54.866,51.600,0.129,0.000596,0.00844977199999998
54.966,51.700,0.13,0.000598,0.00850955499999998
55.066,51.800,0.131,0.000601,0.00856963349999999
55.166,51.900,0.132,0.000604,0.00862991299999999
55.266,52.000,0.133,0.000605,0.00869039649999998
55.366,52.100,0.134,0.000608,0.00875119199999998
55.466,52.200,0.135,0.000611,0.00881214349999998
55.566,52.300,0.136,0.000613,0.00887332449999998
55.666,52.400,0.137,0.000615,0.00893476549999997
55.766,52.500,0.138,0.000617,0.00899641049999996
55.866,52.600,0.139,0.00062,0.00905825399999996
55.966,52.700,0.14,0.000621,0.00912034449999996
56.066,52.800,0.141,0.000624,0.00918265999999994
56.166,52.900,0.142,0.000626,0.00924518799999993
56.266,53.000,0.143,0.000629,0.00930787449999992
56.366,53.100,0.144,0.000632,0.00937086999999992
56.466,53.200,0.145,0.000633,0.00943406849999993
56.566,53.300,0.146,0.000637,0.00949752149999994
56.666,53.400,0.147,0.000638,0.00956119899999993
56.766,53.500,0.148,0.000638,0.00962501599999993
56.866,53.600,0.149,0.000643,0.00968907049999993
56.966,53.700,0.15,0.000646,0.00975335999999993
57.066,53.800,0.151,0.000647,0.00981784449999994
57.166,53.900,0.152,0.000648,0.00988256199999993
57.266,54.000,0.153,0.00065,0.00994750499999992
57.366,54.100,0.154,0.000652,0.0100126679999999
57.466,54.200,0.155,0.000655,0.0100780674999999
57.566,54.300,0.156,0.000658,0.0101437179999999
57.666,54.400,0.157,0.000661,0.0102095614999999
57.766,54.500,0.158,0.000662,0.0102756269999999
57.866,54.600,0.159,0.000663,0.0103419794999999
57.966,54.700,0.16,0.000666,0.0104085149999999
58.066,54.800,0.161,0.000669,0.0104752974999999
58.166,54.900,0.162,0.000671,0.0105422924999999
58.266,55.000,0.163,0.000673,0.0106094764999999
58.366,55.100,0.164,0.000675,0.0106768734999999
58.466,55.200,0.165,0.000677,0.0107445304999999
58.566,55.300,0.166,0.00068,0.0108124139999999
58.666,55.400,0.167,0.000681,0.0108805064999999
58.766,55.500,0.168,0.000685,0.0109489094999999
58.866,55.600,0.169,0.000687,0.0110175114999999
58.966,55.700,0.17,0.000688,0.0110862849999999
59.066,55.800,0.171,0.000691,0.0111552624999999
59.166,55.900,0.172,0.000693,0.0112244584999999
59.266,56.000,0.173,0.000695,0.0112938904999999
59.366,56.100,0.174,0.000698,0.0113635569999999
59.466,56.200,0.175,0.000699,0.0114334914999999
59.566,56.300,0.176,0.000703,0.0115036214999999
59.666,56.400,0.177,0.000706,0.0115739859999999
59.766,56.500,0.178,0.000706,0.0116445929999999
59.866,56.600,0.179,0.000709,0.0117153664999999
59.966,56.700,0.18,0.000711,0.0117863594999999
60.066,56.800,0.181,0.000715,0.0118575824999999
60.166,56.900,0.182,0.000715,0.0119290454999999
60.266,57.000,0.183,0.000719,0.0120007554999999
60.366,57.100,0.184,0.00072,0.0120726419999999
60.466,57.200,0.185,0.000723,0.0121447774999999
60.566,57.300,0.186,0.000725,0.0122171454999999
60.666,57.400,0.187,0.000727,0.0122897484999999
60.766,57.500,0.188,0.00073,0.0123625789999999
60.866,57.600,0.189,0.000732,0.0124356349999999
60.966,57.700,0.19,0.000733,0.0125089294999999
61.066,57.800,0.191,0.000736,0.0125824319999999
61.166,57.900,0.192,0.000738,0.0126561439999999
61.266,58.000,0.193,0.00074,0.0127301199999999
61.366,58.100,0.194,0.000743,0.0128042804999999
61.466,58.200,0.195,0.000745,0.0128786924999999
61.566,58.300,0.196,0.000746,0.0129533059999999
61.666,58.400,0.197,0.000748,0.0130280659999999
61.766,58.500,0.198,0.000754,0.0131031199999999
61.866,58.600,0.199,0.000755,0.0131784044999999
61.966,58.700,0.2,0.000756,0.0132539149999999
62.066,58.800,0.201,0.000758,0.0133296559999999
62.166,58.900,0.202,0.000761,0.0134056434999999
62.266,59.000,0.203,0.000763,0.0134818804999999
62.366,59.100,0.204,0.000766,0.0135583309999999
62.466,59.200,0.205,0.000768,0.0136350289999999
62.566,59.300,0.206,0.000771,0.0137119854999999
62.666,59.400,0.207,0.000772,0.0137891269999999
62.766,59.500,0.208,0.000775,0.0138665435
62.866,59.600,0.209,0.000778,0.01394412
62.966,59.700,0.21,0.000778,0.014021947
63.066,59.800,0.211,0.000782,0.014100001
63.166,59.900,0.212,0.000785,0.0141782695
63.266,60.000,0.213,0.000786,0.014256743
63.366,60.100,0.214,0.000788,0.014335441
63.466,60.200,0.215,0.000789,0.0144143515
63.566,60.300,0.216,0.000794,0.014493544
63.666,60.400,0.217,0.000794,0.014572988
63.766,60.500,0.218,0.000797,0.0146525805
63.866,60.600,0.219,0.0008,0.014732411
63.966,60.700,0.22,0.000801,0.0148124405
64.066,60.800,0.221,0.000804,0.014892733
64.166,60.900,0.222,0.000805,0.0149732245
64.266,61.000,0.223,0.000808,0.015053929
64.366,61.100,0.224,0.000811,0.0151348644999999
64.466,61.200,0.225,0.000812,0.0152160309999999
64.566,61.300,0.226,0.000814,0.015297411
64.666,61.400,0.227,0.000818,0.0153790979999999
64.766,61.500,0.228,0.000821,0.0154609774999999
64.866,61.600,0.229,0.000823,0.0155430644999999
64.966,61.700,0.23,0.000825,0.0156253944999999
65.066,61.800,0.231,0.000826,0.015707947
65.166,61.900,0.232,0.000829,0.0157907085
65.266,62.000,0.233,0.000831,0.0158736995
65.366,62.100,0.234,0.000832,0.015956828
65.466,62.200,0.235,0.000836,0.016040205
65.566,62.300,0.236,0.000838,0.016123849
65.666,62.400,0.237,0.00084,0.016207716
65.766,62.500,0.238,0.000843,0.0162918105
65.866,62.600,0.239,0.000844,0.016376159
65.966,62.700,0.24,0.000848,0.016460689
66.066,62.800,0.241,0.000849,0.0165454875
66.166,62.900,0.242,0.000851,0.0166304754999999
66.266,63.000,0.243,0.000853,0.0167156885
66.366,63.100,0.244,0.000855,0.0168011205
66.466,63.200,0.245,0.000858,0.0168867609999999
66.566,63.300,0.246,0.00086,0.016972576
66.666,63.400,0.247,0.00086,0.017058637
66.766,63.500,0.248,0.000865,0.0171449394999999
66.866,63.600,0.249,0.000867,0.0172314775
66.966,63.700,0.25,0.000869,0.0173181905
67.066,63.800,0.251,0.000873,0.0174051414999999
67.166,63.900,0.252,0.000872,0.01749233
67.266,64.000,0.253,0.000875,0.0175796565
67.366,64.100,0.254,0.000878,0.017667282
67.466,64.200,0.255,0.000879,0.0177551575
67.566,64.300,0.256,0.000883,0.0178432775
67.666,64.400,0.257,0.000884,0.0179315359999999
67.766,64.500,0.258,0.000886,0.0180199799999999
67.866,64.600,0.259,0.000889,0.0181086224999999
67.966,64.700,0.26,0.00089,0.0181975029999999
68.066,64.800,0.261,0.000891,0.0182865944999999
68.166,64.900,0.262,0.000894,0.0183759259999999
68.266,65.000,0.263,0.000897,0.0184654804999999
68.366,65.100,0.264,0.000898,0.0185552649999998
68.466,65.200,0.265,0.000901,0.0186453194999999
68.566,65.300,0.266,0.000902,0.0187355519999998
68.666,65.400,0.267,0.000905,0.0188259034999998
68.766,65.500,0.268,0.000908,0.0189164879999999
68.866,65.600,0.269,0.000911,0.0190073694999998
68.966,65.700,0.27,0.000912,0.0190984639999998
69.066,65.800,0.271,0.000913,0.0191897774999999
69.166,65.900,0.272,0.000915,0.0192812744999998
69.266,66.000,0.273,0.000917,0.0193729254999998
69.366,66.100,0.274,0.00092,0.0194647669999998
69.466,66.200,0.275,0.000922,0.0195569109999998
69.566,66.300,0.276,0.000925,0.0196492834999998
69.666,66.400,0.277,0.000927,0.0197418194999999
69.766,66.500,0.278,0.000929,0.0198345544999999
69.866,66.600,0.279,0.00093,0.0199275369999998
69.966,66.700,0.28,0.000933,0.0200207374999999
70.066,66.800,0.281,0.000934,0.0201141389999999
70.166,66.900,0.282,0.000937,0.0202077474999998
70.266,67.000,0.283,0.000939,0.0203015624999998
70.366,67.100,0.284,0.000941,0.0203956184999998
70.466,67.200,0.285,0.000944,0.0204898229999997
70.566,67.300,0.286,0.000946,0.0205843229999998
70.666,67.400,0.287,0.000947,0.0206790584999998
70.766,67.500,0.288,0.000951,0.0207739374999997
70.866,67.600,0.289,0.00095,0.0208690469999998
70.966,67.700,0.29,0.000955,0.0209643594999998
71.066,67.800,0.291,0.000956,0.0210599229999997
71.166,67.900,0.292,0.000957,0.0211556994999998
71.266,68.000,0.293,0.000962,0.0212517069999998
71.366,68.100,0.294,0.000962,0.0213478869999997
71.466,68.200,0.295,0.000966,0.0214442489999997
71.566,68.300,0.296,0.000967,0.0215408274999998
71.666,68.400,0.297,0.000971,0.0216376484999997
71.766,68.500,0.298,0.000971,0.0217346644999997
71.866,68.600,0.299,0.000973,0.0218318884999997
71.966,68.700,0.3,0.000974,0.0219292389999997
72.066,68.800,0.301,0.000977,0.0220268514999997
72.166,68.900,0.302,0.000979,0.0221246194999998
72.266,69.000,0.303,0.000981,0.0222226384999998
72.366,69.100,0.304,0.000984,0.0223209189999998
72.466,69.200,0.305,0.000986,0.0224193549999998
72.566,69.300,0.306,0.000988,0.0225180339999998
72.666,69.400,0.307,0.00099,0.0226169129999997
72.766,69.500,0.308,0.000991,0.0227159484999997
72.866,69.600,0.309,0.000994,0.0228151689999998
72.966,69.700,0.31,0.000995,0.0229146244999997
73.066,69.800,0.311,0.000997,0.0230142684999997
73.166,69.900,0.312,0.000996,0.0231140509999998
73.266,70.000,0.313,0.001003,0.0232141044999997
73.366,70.100,0.314,0.001001,0.0233143324999997
73.466,70.200,0.315,0.001005,0.0234146854999997
73.566,70.300,0.316,0.001007,0.0235152584999998
73.666,70.400,0.317,0.001008,0.0236160919999997
73.766,70.500,0.318,0.001013,0.0237170914999997
73.866,70.600,0.319,0.001014,0.0238183379999997
73.966,70.700,0.32,0.001015,0.0239197724999996
74.066,70.800,0.321,0.001017,0.0240213794999996
74.166,70.900,0.322,0.001018,0.0241231139999997
74.266,71.000,0.323,0.00102,0.0242250859999997
74.366,71.100,0.324,0.001023,0.0243272534999997
74.466,71.200,0.325,0.001024,0.0244296019999997
74.566,71.300,0.326,0.001026,0.0245321469999998
74.666,71.400,0.327,0.001027,0.0246348644999997
74.766,71.500,0.328,0.00103,0.0247377649999997
74.866,71.600,0.329,0.001032,0.0248408719999998
74.966,71.700,0.33,0.001034,0.0249441259999998
75.066,71.800,0.331,0.001036,0.0250476059999998
75.166,71.900,0.332,0.001037,0.0251512534999998
75.266,72.000,0.333,0.001038,0.0252550879999999
75.366,72.100,0.334,0.00104,0.0253591449999998
75.466,72.200,0.335,0.001041,0.0254632904999998
75.566,72.300,0.336,0.001044,0.0255675749999998
75.666,72.400,0.337,0.001047,0.0256721364999998
75.766,72.500,0.338,0.001048,0.0257768639999998
75.866,72.600,0.339,0.00105,0.0258817739999998
75.966,72.700,0.34,0.001052,0.0259868559999998
76.066,72.800,0.341,0.001055,0.0260921674999998
76.166,72.900,0.342,0.001057,0.0261977544999998
76.266,73.000,0.343,0.001057,0.0263034364999999
76.366,73.100,0.344,0.00106,0.0264092389999999
76.466,73.200,0.345,0.001061,0.0265152664999998
76.566,73.300,0.346,0.001064,0.0266215269999998
76.666,73.400,0.347,0.001066,0.0267280439999998
76.766,73.500,0.348,0.001068,0.0268346639999998
76.866,73.600,0.349,0.00107,0.0269413969999997
76.966,73.700,0.35,0.001071,0.0270483834999998
77.066,73.800,0.351,0.001072,0.0271555529999998
77.166,73.900,0.352,0.001074,0.0272628689999997
77.266,74.000,0.353,0.001076,0.0273703989999998
77.366,74.100,0.354,0.001078,0.0274780699999998
77.466,74.200,0.355,0.001077,0.0275859084999998
77.566,74.300,0.356,0.001079,0.0276938894999997
77.666,74.400,0.357,0.001083,0.0278020684999997
77.766,74.500,0.358,0.001085,0.0279104664999997
77.866,74.600,0.359,0.001086,0.0280189789999997
77.966,74.700,0.36,0.001088,0.0281276389999997
78.066,74.800,0.361,0.001091,0.0282365424999997
78.166,74.900,0.362,0.001093,0.0283456114999997
78.266,75.000,0.363,0.001093,0.0284548094999997
78.366,75.100,0.364,0.001094,0.0285641719999996
78.466,75.200,0.365,0.001097,0.0286737584999996
78.566,75.300,0.366,0.001096,0.0287834549999996
78.666,75.400,0.367,0.001098,0.0288932669999996
78.766,75.500,0.368,0.001101,0.0290033184999996
78.866,75.600,0.369,0.001103,0.0291135104999997
78.966,75.700,0.37,0.001103,0.0292238374999997
79.066,75.800,0.371,0.001107,0.0293343344999997
79.166,75.900,0.372,0.001108,0.0294450329999996
79.266,76.000,0.373,0.001111,0.0295559264999997
79.366,76.100,0.374,0.001111,0.0296669574999996
79.466,76.200,0.375,0.001114,0.0297781689999997
79.566,76.300,0.376,0.001115,0.0298895854999997
79.666,76.400,0.377,0.001118,0.0300010949999997
79.766,76.500,0.378,0.001118,0.0301127809999997
79.866,76.600,0.379,0.00112,0.0302246019999997
79.966,76.700,0.38,0.001122,0.0303366469999997
80.066,76.800,0.381,0.001123,0.0304488104999997
80.166,76.900,0.382,0.001124,0.0305611439999997
80.266,77.000,0.383,0.001125,0.0306736434999997
80.366,77.100,0.384,0.001128,0.0307862599999997
80.466,77.200,0.385,0.001129,0.0308991434999997
80.566,77.300,0.386,0.001132,0.0310121879999997
80.666,77.400,0.387,0.001131,0.0311252744999997
80.766,77.500,0.388,0.001134,0.0312385539999997
80.866,77.600,0.389,0.001135,0.0313520984999998
80.966,77.700,0.39,0.001137,0.0314657584999999
81.066,77.800,0.391,0.001139,0.0315795974999999
81.166,77.900,0.392,0.001142,0.0316935629999998
81.266,78.000,0.393,0.001143,0.0318077574999996
81.366,78.100,0.394,0.001144,0.0319220569999995
81.466,78.200,0.395,0.001145,0.0320365894999996
81.566,78.300,0.396,0.001146,0.0321512829999996
81.666,78.400,0.397,0.001149,0.0322660974999997
81.766,78.500,0.398,0.001151,0.0323810884999998
81.866,78.600,0.399,0.001153,0.0324962424999998
81.966,78.700,0.4,0.001154,0.0326115569999997
82.066,78.800,0.401,0.001159,0.0327270644999995
82.166,78.900,0.402,0.001159,0.0328427654999994
82.266,79.000,0.403,0.00116,0.0329585219999995
82.366,79.100,0.404,0.00116,0.0330744459999995
82.466,79.200,0.405,0.001162,0.0331905979999996
82.566,79.300,0.406,0.001163,0.0333069224999996
82.666,79.400,0.407,0.001165,0.0334232994999997
82.766,79.500,0.408,0.001167,0.0335397694999997
82.866,79.600,0.409,0.00117,0.0336564029999996
82.966,79.700,0.41,0.001169,0.0337732704999995
83.066,79.800,0.411,0.001171,0.0338902114999994
83.166,79.900,0.412,0.001172,0.0340072919999995
83.266,80.000,0.413,0.001173,0.0341244894999996
83.366,80.100,0.414,0.001174,0.0342418349999996
83.466,80.200,0.415,0.001178,0.0343593649999997
83.566,80.300,0.416,0.001177,0.0344770454999997
83.666,80.400,0.417,0.001178,0.0345948749999997
83.766,80.500,0.418,0.001181,0.0347128134999996
83.866,80.600,0.419,0.001182,0.0348309879999995
83.966,80.700,0.42,0.001184,0.0349492549999995
84.066,80.800,0.421,0.001185,0.0350676744999996
84.166,80.900,0.422,0.001186,0.0351861939999997
84.266,81.000,0.423,0.001188,0.0353049519999997
84.366,81.100,0.424,0.001189,0.0354238064999998
84.466,81.200,0.425,0.001192,0.0355427769999999
84.566,81.300,0.426,0.001194,0.0356619329999998
84.666,81.400,0.427,0.001194,0.0357812019999997
84.766,81.500,0.428,0.001193,0.0359005664999996
84.866,81.600,0.429,0.001198,0.0360200869999995
84.966,81.700,0.43,0.001198,0.0361398429999997
85.066,81.800,0.431,0.0012,0.0362597249999997
85.166,81.900,0.432,0.001201,0.0363797434999997
85.266,82.000,0.433,0.001203,0.0364998754999997
85.366,82.100,0.434,0.001205,0.0366201824999997
85.466,82.200,0.435,0.001205,0.0367406144999997
85.566,82.300,0.436,0.001206,0.0368612219999996
85.666,82.400,0.437,0.001208,0.0369818869999995
85.766,82.500,0.438,0.001208,0.0371026859999994
85.866,82.600,0.439,0.001211,0.0372236834999994
85.966,82.700,0.44,0.001212,0.0373447399999996
86.066,82.800,0.441,0.001215,0.0374659634999996
86.166,82.900,0.442,0.001214,0.0375873399999996
86.266,83.000,0.443,0.001217,0.0377088434999996
86.366,83.100,0.444,0.001215,0.0378304384999997
86.466,83.200,0.445,0.001218,0.0379522059999996
86.566,83.300,0.446,0.001219,0.0380740794999995
86.666,83.400,0.447,0.001221,0.0381961124999994
86.766,83.500,0.448,0.001221,0.0383182654999994
86.866,83.600,0.449,0.001222,0.0384405429999995
86.966,83.700,0.45,0.001226,0.0385630289999995
87.066,83.800,0.451,0.001226,0.0386855939999995
87.166,83.900,0.452,0.001228,0.0388083459999995
87.266,84.000,0.453,0.001229,0.0389312174999995
87.366,84.100,0.454,0.00123,0.0390541689999995
87.466,84.200,0.455,0.001233,0.0391772684999995
87.566,84.300,0.456,0.001232,0.0393005409999994
87.666,84.400,0.457,0.001234,0.0394238919999992
87.766,84.500,0.458,0.001235,0.0395473414999992
87.866,84.600,0.459,0.001237,0.0396709594999993
87.966,84.700,0.46,0.001238,0.0397947309999994
88.066,84.800,0.461,0.001238,0.0399186859999994
88.166,84.900,0.462,0.001241,0.0400426634999993
88.266,85.000,0.463,0.001242,0.0401668039999993
88.366,85.100,0.464,0.001243,0.0402910364999993
88.466,85.200,0.465,0.001244,0.0404154629999993
88.566,85.300,0.466,0.001247,0.0405399924999992
88.666,85.400,0.467,0.001248,0.0406647669999993
88.766,85.500,0.468,0.001248,0.0407895209999993
88.866,85.600,0.469,0.001249,0.0409144344999994
88.966,85.700,0.47,0.001251,0.0410394204999996
89.066,85.800,0.471,0.001253,0.0411645844999996
89.166,85.900,0.472,0.001252,0.0412899059999996
89.266,86.000,0.473,0.001256,0.0414153119999995
89.366,86.100,0.474,0.001256,0.0415408609999995
89.466,86.200,0.475,0.001259,0.0416665614999994
89.566,86.300,0.476,0.001258,0.0417924709999993
89.666,86.400,0.477,0.00126,0.0419185079999994
89.766,86.500,0.478,0.00126,0.0420445579999994
89.866,86.600,0.479,0.001261,0.0421708104999996
89.966,86.700,0.48,0.001262,0.0422971409999997
90.066,86.800,0.481,0.001266,0.0424236639999997
90.166,86.900,0.482,0.001266,0.0425502679999997
90.266,87.000,0.483,0.001267,0.0426769624999996
90.366,87.100,0.484,0.00127,0.0428037569999995
90.466,87.200,0.485,0.001271,0.0429307564999995
90.566,87.300,0.486,0.001271,0.0430577884999995
90.666,87.400,0.487,0.001274,0.0431850649999993
90.766,87.500,0.488,0.001272,0.0433123819999993
90.866,87.600,0.489,0.001275,0.0434398654999995
90.966,87.700,0.49,0.001277,0.0435674714999996
91.066,87.800,0.491,0.001278,0.0436952339999997
91.166,87.900,0.492,0.001278,0.0438229489999997
91.266,88.000,0.493,0.00128,0.0439508809999997
91.366,88.100,0.494,0.00128,0.0440789559999996
91.466,88.200,0.495,0.001282,0.0442070799999996
91.566,88.300,0.496,0.001284,0.0443353349999996
91.666,88.400,0.497,0.001286,0.0444638019999995
91.766,88.500,0.498,0.001285,0.0445923454999994
91.866,88.600,0.499,0.001287,0.0447210224999995
91.966,88.700,0.5,0.001288,0.0448498659999996
92.066,88.800,0.501,0.00129,0.0449788219999997
92.166,88.900,0.502,0.001291,0.0451078164999998
92.266,89.000,0.503,0.001291,0.0452369204999999
92.366,89.100,0.504,0.001293,0.0453660974999999
92.466,89.200,0.505,0.001295,0.0454955654999998
92.566,89.300,0.506,0.001296,0.0456250299999997
92.666,89.400,0.507,0.001294,0.0457546519999996
92.766,89.500,0.508,0.001297,0.0458842614999996
92.866,89.600,0.509,0.001299,0.0460140544999995
92.966,89.700,0.51,0.001299,0.0461439484999995
93.066,89.800,0.511,0.001301,0.0462741334999996
93.166,89.900,0.512,0.001302,0.0464043389999998
93.266,90.000,0.513,0.001303,0.0465346114999999
93.366,90.100,0.514,0.001304,0.0466650409999999
93.466,90.200,0.515,0.001306,0.04679552
93.566,90.300,0.516,0.001306,0.0469262199999999
93.666,90.400,0.517,0.001308,0.0470569799999998
93.766,90.500,0.518,0.001309,0.0471878974999997
93.866,90.600,0.519,0.001309,0.0473188234999997
93.966,90.700,0.52,0.001312,0.0474498859999996
94.066,90.800,0.521,0.001314,0.0475811479999996
94.166,90.900,0.522,0.001313,0.0477124704999998
94.266,91.000,0.523,0.001316,0.047843866
94.366,91.100,0.524,0.001316,0.0479753660000002
94.466,91.200,0.525,0.001316,0.0481070340000003
94.566,91.300,0.526,0.00132,0.0482388410000003
94.666,91.400,0.527,0.00132,0.0483708340000002
94.766,91.500,0.528,0.001323,0.0485028645000001
94.866,91.600,0.529,0.00132,0.0486349659999999
94.966,91.700,0.53,0.001324,0.0487671189999998
95.066,91.800,0.531,0.001324,0.0488994919999998
95.166,91.900,0.532,0.001326,0.0490319389999997
95.266,92.000,0.533,0.001326,0.0491645569999997
95.366,92.100,0.534,0.001328,0.0492972979999998
95.466,92.200,0.535,0.001327,0.0494301405
95.566,92.300,0.536,0.00133,0.0495630430000001
95.666,92.400,0.537,0.001331,0.0496960975000001
95.766,92.500,0.538,0.001333,0.0498292655000001
95.866,92.600,0.539,0.001334,0.04996261
95.966,92.700,0.54,0.001337,0.0500960204999999
96.066,92.800,0.541,0.001337,0.0502296604999998
96.166,92.900,0.542,0.001338,0.0503634019999997
96.266,93.000,0.543,0.001338,0.0504972059999996
96.366,93.100,0.544,0.001339,0.0506311144999996
96.466,93.200,0.545,0.001339,0.0507650134999996
96.566,93.300,0.546,0.001344,0.0508990579999997
96.666,93.400,0.547,0.001343,0.0510332774999999
96.766,93.500,0.548,0.001343,0.0511675555
96.866,93.600,0.549,0.001344,0.051301948
96.966,93.700,0.55,0.001347,0.0514364795
97.066,93.800,0.551,0.001347,0.0515711284999998
97.166,93.900,0.552,0.001349,0.0517059154999997
97.266,94.000,0.553,0.001347,0.0518408024999995
97.366,94.100,0.554,0.001351,0.0519757934999994
97.466,94.200,0.555,0.001354,0.0521109749999993
97.566,94.300,0.556,0.001352,0.0522461669999993
97.666,94.400,0.557,0.001354,0.0523813919999994
97.766,94.500,0.558,0.001355,0.0525167874999995
97.866,94.600,0.559,0.001356,0.0526523749999996
97.966,94.700,0.56,0.001357,0.0527880264999997
98.066,94.800,0.561,0.001358,0.0529237399999997
98.166,94.900,0.562,0.001358,0.0530595869999997
98.266,95.000,0.563,0.001361,0.0531955534999996
98.366,95.100,0.564,0.001361,0.0533316514999994
98.466,95.200,0.565,0.001362,0.0534677689999993
98.566,95.300,0.566,0.001362,0.0536040059999991
98.666,95.400,0.567,0.001367,0.0537404154999991
98.766,95.500,0.568,0.001367,0.0538769064999991
98.866,95.600,0.569,0.001367,0.0540135414999993
98.966,95.700,0.57,0.001368,0.0541502449999995
99.066,95.800,0.571,0.001368,0.0542871249999996
99.166,95.900,0.572,0.001371,0.0544240574999997
99.266,96.000,0.573,0.001372,0.0545611359999997
99.366,96.100,0.574,0.001374,0.0546983379999996
99.466,96.200,0.575,0.001373,0.0548356354999995
99.566,96.300,0.576,0.001374,0.0549729779999994
99.666,96.400,0.577,0.001376,0.0551104659999992
99.766,96.500,0.578,0.001376,0.0552480449999991
99.866,96.600,0.579,0.001379,0.055385763499999
99.966,96.700,0.58,0.00138,0.0555235939999991
100.066,96.800,0.581,0.001379,0.0556614714999992
100.166,96.900,0.582,0.001382,0.0557994369999994
100.266,97.000,0.583,0.001382,0.0559375819999995
100.366,97.100,0.584,0.001382,0.0560758639999996
100.466,97.200,0.585,0.001386,0.0562143139999995
100.566,97.300,0.586,0.001385,0.0563527744999995
100.666,97.400,0.587,0.001385,0.0564912954999995
100.766,97.500,0.588,0.001387,0.0566299784999993
100.866,97.600,0.589,0.00139,0.0567687479999992
100.966,97.700,0.59,0.00139,0.056907724999999
101.066,97.800,0.591,0.001391,0.0570467174999989
101.166,97.900,0.592,0.001391,0.0571858014999988
101.266,98.000,0.593,0.001391,0.0573249534999989
101.366,98.100,0.594,0.001396,0.0574642249999991
101.466,98.200,0.595,0.001394,0.0576036579999992
101.566,98.300,0.596,0.001396,0.0577431929999994
101.666,98.400,0.597,0.001397,0.0578828454999994
101.766,98.500,0.598,0.001398,0.0580225889999994
101.866,98.600,0.599,0.0014,0.0581624439999993
101.966,98.700,0.6,0.0014,0.0583023749999992
102.066,98.800,0.601,0.001401,0.0584423644999991
102.166,98.900,0.602,0.001402,0.0585825369999988
102.266,99.000,0.603,0.001404,0.0587227809999987
102.366,99.100,0.604,0.001403,0.0588630974999986
102.466,99.200,0.605,0.001406,0.0590036039999987
102.566,99.300,0.606,0.001408,0.059144227999999
102.666,99.400,0.607,0.00141,0.0592849559999991
102.766,99.500,0.608,0.001409,0.0594257914999992
102.866,99.600,0.609,0.001408,0.0595666739999993
102.966,99.700,0.61,0.001411,0.0597076074999994
103.066,99.800,0.611,0.001411,0.0598486194999994
103.166,99.900,0.612,0.00141,0.0599897379999994
103.266,100.000,0.613,0.001414,0.0601309859999993
103.366,100.100,0.614,0.001416,0.0602723909999991
103.466,100.200,0.615,0.001416,0.0604139309999988
103.566,100.300,0.616,0.001416,0.0605555719999987
103.666,100.400,0.617,0.001417,0.0606972404999986
103.766,100.500,0.618,0.00142,0.0608390789999987
103.866,100.600,0.619,0.001419,0.0609809594999989
103.966,100.700,0.62,0.001417,0.0611229504999991
104.066,100.800,0.621,0.001421,0.0612650264999993
104.166,100.900,0.622,0.001424,0.0614071769999994
104.266,101.000,0.623,0.001425,0.0615495484999994
104.366,101.100,0.624,0.001425,0.0616919774999994
104.466,101.200,0.625,0.001425,0.0618344504999993
104.566,101.300,0.626,0.001427,0.0619770494999992
104.666,101.400,0.627,0.001429,0.062119820499999
104.766,101.500,0.628,0.001427,0.0622626224999988
104.866,101.600,0.629,0.001431,0.0624055414999986
104.966,101.700,0.63,0.001431,0.0625485974999986
105.066,101.800,0.631,0.001431,0.0626917434999987
105.166,101.900,0.632,0.001434,0.0628350679999986
105.266,102.000,0.633,0.001435,0.0629784414999986
105.366,102.100,0.634,0.001438,0.0631219869999985
105.466,102.200,0.635,0.001436,0.0632655469999983
105.566,102.300,0.636,0.001438,0.0634092599999985
105.666,102.400,0.637,0.001438,0.0635530159999986
105.766,102.500,0.638,0.001438,0.0636969309999987
105.866,102.600,0.639,0.001441,0.0638409304999988
105.966,102.700,0.64,0.001441,0.0639850994999988
106.066,102.800,0.641,0.001443,0.0641293074999987
106.166,102.900,0.642,0.001442,0.0642736769999986
106.266,103.000,0.643,0.001444,0.0644181059999985
106.366,103.100,0.644,0.001446,0.0645626299999982
106.466,103.200,0.645,0.001447,0.064707307499998
106.566,103.300,0.646,0.001446,0.0648521489999976
106.666,103.400,0.647,0.001449,0.0649969914999972
106.766,103.500,0.648,0.00145,0.065141974999997
106.866,103.600,0.649,0.001452,0.065287033999997
106.966,103.700,0.65,0.001452,0.0654321639999972
107.066,103.800,0.651,0.001454,0.0655774519999975
107.166,103.900,0.652,0.001453,0.0657228064999978
107.266,104.000,0.653,0.001455,0.065868322499998
107.366,104.100,0.654,0.001457,0.0660139124999981
107.466,104.200,0.655,0.001458,0.0661595689999983
107.566,104.300,0.656,0.00146,0.0663054789999983
107.666,104.400,0.657,0.001461,0.0664514814999982
107.766,104.500,0.658,0.001462,0.0665975659999981
107.866,104.600,0.659,0.001462,0.066743783999998
107.966,104.700,0.66,0.001464,0.066890134999998
108.066,104.800,0.661,0.001466,0.0670365319999981
108.166,104.900,0.662,0.001465,0.0671830964999982
108.266,105.000,0.663,0.001466,0.0673297159999982
108.366,105.100,0.664,0.001468,0.0674764109999983
108.466,105.200,0.665,0.001469,0.0676231934999982
108.566,105.300,0.666,0.001469,0.0677701764999981
108.666,105.400,0.667,0.001471,0.0679173494999979
108.766,105.500,0.668,0.001474,0.0680645319999977
108.866,105.600,0.669,0.001474,0.0682118479999974
108.966,105.700,0.67,0.001474,0.0683592639999971
109.066,105.800,0.671,0.001477,0.0685067654999968
109.166,105.900,0.672,0.001476,0.0686544609999969
109.266,106.000,0.673,0.001479,0.0688022364999972
109.366,106.100,0.674,0.001478,0.0689501249999975
109.466,106.200,0.675,0.00148,0.0690981629999978
109.566,106.300,0.676,0.001481,0.069246218499998
109.666,106.400,0.677,0.00148,0.0693943879999982
109.766,106.500,0.678,0.001485,0.0695427124999983
109.866,106.600,0.679,0.001486,0.0696912789999983
109.966,106.700,0.68,0.001485,0.0698398344999982
110.066,106.800,0.681,0.001488,0.0699885759999981
110.166,106.900,0.682,0.001488,0.0701374559999979
110.266,107.000,0.683,0.00149,0.0702864179999979
110.366,107.100,0.684,0.001491,0.0704354454999978
110.466,107.200,0.685,0.001496,0.0705846829999979
110.566,107.300,0.686,0.001493,0.0707340304999979
110.666,107.400,0.687,0.001495,0.0708835504999979
110.766,107.500,0.688,0.001495,0.0710331884999977
110.866,107.600,0.689,0.001498,0.0711828269999976
110.966,107.700,0.69,0.0015,0.0713326959999974
111.066,107.800,0.691,0.0015,0.0714826639999971
111.166,107.900,0.692,0.0015,0.0716327479999967
111.266,108.000,0.693,0.001502,0.0717830149999969
111.366,108.100,0.694,0.001506,0.071933376999997
111.466,108.200,0.695,0.001505,0.0720838604999973
111.566,108.300,0.696,0.001507,0.0722345594999976
111.666,108.400,0.697,0.001508,0.0723853529999977
111.766,108.500,0.698,0.001509,0.0725361944999979
111.866,108.600,0.699,0.00151,0.072687140999998
111.966,108.700,0.7,0.001512,0.072838285999998
112.066,108.800,0.701,0.001515,0.0729896154999979
112.166,108.900,0.702,0.001515,0.0731410544999978
112.266,109.000,0.703,0.001516,0.0732926009999976
112.366,109.100,0.704,0.001516,0.0734443159999977
112.466,109.200,0.705,0.00152,0.0735962219999977
112.566,109.300,0.706,0.001519,0.0737482844999977
112.666,109.400,0.707,0.001522,0.0739004689999977
112.766,109.500,0.708,0.001524,0.0740527669999975
112.866,109.600,0.709,0.001524,0.0742051719999973
112.966,109.700,0.71,0.001526,0.074357753999997
113.066,109.800,0.711,0.001529,0.074510585499997
113.166,109.900,0.712,0.001531,0.0746636064999973
113.266,110.000,0.713,0.00153,0.0748166889999977
113.366,110.100,0.714,0.001534,0.0749699939999979
113.466,110.200,0.715,0.001535,0.0751234144999981
113.566,110.300,0.716,0.001537,0.0752770484999982
113.666,110.400,0.717,0.001539,0.0754307824999982
113.766,110.500,0.718,0.001542,0.0755847269999981
113.866,110.600,0.719,0.001541,0.075738776499998
113.966,110.700,0.72,0.001543,0.0758930384999977
114.066,110.800,0.721,0.001546,0.0760475189999978
114.166,110.900,0.722,0.001546,0.0762021279999978
114.266,111.000,0.723,0.001549,0.0763569084999978
114.366,111.100,0.724,0.00155,0.0765118309999976
114.466,111.200,0.725,0.001553,0.0766670204999974
114.566,111.300,0.726,0.001555,0.0768223204999971
114.666,111.400,0.727,0.001556,0.0769777569999971
114.766,111.500,0.728,0.001559,0.0771334104999975
114.866,111.600,0.729,0.001558,0.0772892249999978
114.966,111.700,0.73,0.001561,0.077445190499998
115.066,111.800,0.731,0.001563,0.0776014364999981
115.166,111.900,0.732,0.001566,0.0777579669999981
115.266,112.000,0.733,0.001569,0.0779146564999979
115.366,112.100,0.734,0.001569,0.0780715384999977
115.466,112.200,0.735,0.001571,0.0782285884999975
115.566,112.300,0.736,0.001574,0.0783857759999976
115.666,112.400,0.737,0.001576,0.0785431999999975
115.766,112.500,0.738,0.001577,0.0787008994999973
115.866,112.600,0.739,0.001578,0.078858777999997
115.966,112.700,0.74,0.001582,0.0790168849999973
116.066,112.800,0.741,0.001585,0.0791751854999977
116.166,112.900,0.742,0.001587,0.079333717499998
116.266,113.000,0.743,0.001589,0.0794924524999982
116.366,113.100,0.744,0.00159,0.0796514679999982
116.466,113.200,0.745,0.001593,0.0798107134999981
116.566,113.300,0.746,0.001595,0.0799701724999979
116.666,113.400,0.747,0.001599,0.0801299004999978
116.766,113.500,0.748,0.001603,0.0802898684999978
116.866,113.600,0.749,0.001603,0.0804501184999976
116.966,113.700,0.75,0.001606,0.0806105559999973
117.066,113.800,0.751,0.001607,0.0807713174999976
117.166,113.900,0.752,0.001612,0.080932318999998
117.266,114.000,0.753,0.001613,0.0810936264999982
117.366,114.100,0.754,0.001616,0.0812551609999983
117.466,114.200,0.755,0.00162,0.0814169639999982
117.566,114.300,0.756,0.001623,0.081579045499998
117.666,114.400,0.757,0.001625,0.0817414674999978
117.766,114.500,0.758,0.001626,0.0819041229999978
117.866,114.600,0.759,0.001629,0.0820670544999976
117.966,114.700,0.76,0.001635,0.0822303304999976
118.066,114.800,0.761,0.001637,0.0823938664999981
118.166,114.900,0.762,0.00164,0.0825577929999983
118.266,115.000,0.763,0.001643,0.0827220154999983
118.366,115.100,0.764,0.001646,0.0828864859999982
118.466,115.200,0.765,0.00165,0.083051255999998
118.566,115.300,0.766,0.001654,0.083216485999998
118.666,115.400,0.767,0.001655,0.0833820094999978
118.766,115.500,0.768,0.001662,0.0835479039999977
118.866,115.600,0.769,0.001664,0.0837141729999981
118.966,115.700,0.77,0.001668,0.0838807989999983
119.066,115.800,0.771,0.001671,0.0840477834999983
119.166,115.900,0.772,0.001675,0.0842151344999981
119.266,116.000,0.773,0.00168,0.0843828619999979
119.366,116.100,0.774,0.001682,0.0845509749999977
119.466,116.200,0.775,0.001686,0.0847194649999977
119.566,116.300,0.776,0.001692,0.0848883619999981
119.666,116.400,0.777,0.001693,0.0850576744999983
119.766,116.500,0.778,0.001701,0.0852273854999982
119.866,116.600,0.779,0.001703,0.0853975564999979
119.966,116.700,0.78,0.001707,0.0855681144999978
120.066,116.800,0.781,0.001714,0.0857391389999977
120.166,116.900,0.782,0.001717,0.0859106344999981
120.266,117.000,0.783,0.001722,0.0860826149999983
120.366,117.100,0.784,0.001726,0.0862550139999982
120.466,117.200,0.785,0.001731,0.0864278774999978
120.566,117.300,0.786,0.001736,0.0866012309999977
120.666,117.400,0.787,0.001741,0.0867751214999979
120.766,117.500,0.788,0.001745,0.0869494654999982
120.866,117.600,0.789,0.001752,0.0871243479999982
120.966,117.700,0.79,0.001755,0.0872997694999979
121.066,117.800,0.791,0.001761,0.0874756204999976
121.166,117.900,0.792,0.001766,0.0876520729999979
121.266,118.000,0.793,0.001771,0.0878290364999982
121.366,118.100,0.794,0.001777,0.0880064664999983
121.466,118.200,0.795,0.001781,0.088184431499998
121.566,118.300,0.796,0.001789,0.0883629974999978
121.666,118.400,0.797,0.001797,0.0885422544999982
121.766,118.500,0.798,0.0018,0.0887220539999984
121.866,118.600,0.799,0.001804,0.0889023869999983
121.966,118.700,0.8,0.001812,0.0890833549999979
