出力日時,2021/06/07 16:22:28
データソース,Nss3_1_LSV
表示対象ノード,Root\ECstat-301\LSV
Time(s),NodeTime(s),OutputVoltage(V),Current(A),Capacity(C)
3.366,0.100,-0.28,2E-06,1.3E-07
3.466,0.200,-0.279,2E-06,3.08E-07
3.566,0.300,-0.278,3E-06,4.815E-07
3.666,0.400,-0.277,2E-06,6.50000000000001E-07
3.766,0.500,-0.276,3E-06,8.75500000000003E-07
3.866,0.600,-0.275,3E-06,1.0855E-06
3.966,0.700,-0.274,3E-06,1.3045E-06
4.066,0.800,-0.273,2E-06,1.556E-06
4.166,0.900,-0.272,3E-06,1.8265E-06
4.266,1.000,-0.271,3E-06,2.0855E-06
4.366,1.100,-0.27,3E-06,2.35349999999999E-06
4.466,1.200,-0.269,2E-06,2.56799999999999E-06
4.566,1.300,-0.268,4E-06,2.82499999999999E-06
4.666,1.400,-0.267,4E-06,3.11599999999999E-06
4.766,1.500,-0.266,2E-06,3.40899999999999E-06
4.866,1.600,-0.265,2E-06,3.69399999999998E-06
4.966,1.700,-0.264,2E-06,3.96799999999999E-06
5.066,1.800,-0.263,2E-06,4.27299999999999E-06
5.166,1.900,-0.262,3E-06,4.5625E-06
5.266,2.000,-0.261,4E-06,4.86600000000001E-06
5.366,2.100,-0.26,2E-06,5.17000000000001E-06
5.466,2.200,-0.259,5E-06,5.47050000000001E-06
5.566,2.300,-0.258,3E-06,5.8215E-06
5.666,2.400,-0.257,3E-06,6.1335E-06
5.766,2.500,-0.256,2E-06,6.433E-06
5.866,2.600,-0.255,3E-06,6.7665E-06
5.966,2.700,-0.254,4E-06,7.08299999999999E-06
6.066,2.800,-0.253,4E-06,7.40599999999999E-06
6.166,2.900,-0.252,3E-06,7.7205E-06
6.266,3.000,-0.251,4E-06,8.03900000000002E-06
6.366,3.100,-0.25,5E-06,8.39950000000005E-06
6.466,3.200,-0.249,4E-06,8.72000000000007E-06
6.566,3.300,-0.248,4E-06,9.11300000000011E-06
6.666,3.400,-0.247,4E-06,9.46500000000014E-06
6.766,3.500,-0.246,3E-06,9.80250000000017E-06
6.866,3.600,-0.245,3E-06,1.01725000000002E-05
6.966,3.700,-0.244,4E-06,1.05630000000002E-05
7.066,3.800,-0.243,4E-06,1.09450000000003E-05
7.166,3.900,-0.242,3E-06,1.13205000000003E-05
7.266,4.000,-0.241,4E-06,1.16990000000003E-05
7.366,4.100,-0.24,4E-06,1.20950000000004E-05
7.466,4.200,-0.239,4E-06,1.24970000000004E-05
7.566,4.300,-0.238,4E-06,1.28770000000005E-05
7.666,4.400,-0.237,4E-06,1.32770000000005E-05
7.766,4.500,-0.236,5E-06,1.36635000000005E-05
7.866,4.600,-0.235,4E-06,1.40370000000006E-05
7.966,4.700,-0.234,4E-06,1.44150000000006E-05
8.066,4.800,-0.233,5E-06,1.48485000000007E-05
8.166,4.900,-0.232,4E-06,1.52720000000007E-05
8.266,5.000,-0.231,5E-06,1.57065000000007E-05
8.366,5.100,-0.23,5E-06,1.61485000000007E-05
8.466,5.200,-0.229,4E-06,1.65560000000008E-05
8.566,5.300,-0.228,4E-06,1.70180000000008E-05
8.666,5.400,-0.227,4E-06,1.74410000000008E-05
8.766,5.500,-0.226,5E-06,1.78915000000008E-05
8.866,5.600,-0.225,6E-06,1.83400000000008E-05
8.966,5.700,-0.224,4E-06,1.87620000000008E-05
9.066,5.800,-0.223,5E-06,1.91995000000008E-05
9.166,5.900,-0.222,5E-06,1.96375000000008E-05
9.266,6.000,-0.221,5E-06,2.00975000000008E-05
9.366,6.100,-0.22,4E-06,2.05670000000008E-05
9.466,6.200,-0.219,6E-06,2.09960000000009E-05
9.566,6.300,-0.218,5E-06,2.14255000000009E-05
9.666,6.400,-0.217,4E-06,2.18890000000009E-05
9.766,6.500,-0.216,4E-06,2.23300000000009E-05
9.866,6.600,-0.215,5E-06,2.2763500000001E-05
9.966,6.700,-0.214,5E-06,2.3219500000001E-05
10.066,6.800,-0.213,4E-06,2.3669000000001E-05
10.166,6.900,-0.212,5E-06,2.4148500000001E-05
10.266,7.000,-0.211,5E-06,2.4603500000001E-05
10.366,7.100,-0.21,3E-06,2.50845000000011E-05
10.466,7.200,-0.209,5E-06,2.55415000000011E-05
10.566,7.300,-0.208,5E-06,2.60035000000011E-05
10.666,7.400,-0.207,4E-06,2.64650000000011E-05
10.766,7.500,-0.206,5E-06,2.69185000000011E-05
10.866,7.600,-0.205,4E-06,2.73690000000012E-05
10.966,7.700,-0.204,4E-06,2.78520000000012E-05
11.066,7.800,-0.203,5E-06,2.83275000000012E-05
11.166,7.900,-0.202,4E-06,2.87740000000012E-05
11.266,8.000,-0.201,6E-06,2.92480000000012E-05
11.366,8.100,-0.2,4E-06,2.97170000000013E-05
11.466,8.200,-0.199,6E-06,3.01980000000013E-05
11.566,8.300,-0.198,4E-06,3.06740000000013E-05
11.666,8.400,-0.197,4E-06,3.10900000000012E-05
11.766,8.500,-0.196,5E-06,3.15755000000011E-05
11.866,8.600,-0.195,5E-06,3.2028500000001E-05
11.966,8.700,-0.194,5E-06,3.25205000000009E-05
12.066,8.800,-0.193,6E-06,3.30050000000009E-05
12.166,8.900,-0.192,6E-06,3.35300000000009E-05
12.266,9.000,-0.191,5E-06,3.40415000000009E-05
12.366,9.100,-0.19,5E-06,3.45705000000009E-05
12.466,9.200,-0.189,5E-06,3.50495000000007E-05
12.566,9.300,-0.188,5E-06,3.55525000000007E-05
12.666,9.400,-0.187,6E-06,3.60460000000007E-05
12.766,9.500,-0.186,5E-06,3.65725000000006E-05
12.866,9.600,-0.185,5E-06,3.71055000000006E-05
12.966,9.700,-0.184,4E-06,3.75940000000005E-05
13.066,9.800,-0.183,5E-06,3.80785000000005E-05
13.166,9.900,-0.182,6E-06,3.86280000000005E-05
13.266,10.000,-0.181,6E-06,3.91510000000005E-05
13.366,10.100,-0.18,5E-06,3.96795000000005E-05
13.466,10.200,-0.179,4E-06,4.02430000000005E-05
13.566,10.300,-0.178,5E-06,4.07805000000005E-05
13.666,10.400,-0.177,5E-06,4.12835000000005E-05
13.766,10.500,-0.176,5E-06,4.18105000000005E-05
13.866,10.600,-0.175,6E-06,4.23500000000005E-05
13.966,10.700,-0.174,5E-06,4.28775000000005E-05
14.066,10.800,-0.173,5E-06,4.33945000000005E-05
14.166,10.900,-0.172,5E-06,4.39215000000005E-05
14.266,11.000,-0.171,6E-06,4.44360000000005E-05
14.366,11.100,-0.17,7E-06,4.49645000000005E-05
14.466,11.200,-0.169,6E-06,4.55040000000005E-05
14.566,11.300,-0.168,6E-06,4.60440000000005E-05
14.666,11.400,-0.167,4E-06,4.65610000000005E-05
14.766,11.500,-0.166,5E-06,4.70935000000004E-05
14.866,11.600,-0.165,6E-06,4.76190000000004E-05
14.966,11.700,-0.164,6E-06,4.81480000000004E-05
15.066,11.800,-0.163,5E-06,4.87115000000004E-05
15.166,11.900,-0.162,6E-06,4.92520000000004E-05
15.266,12.000,-0.161,5E-06,4.98005000000005E-05
15.366,12.100,-0.16,5E-06,5.03305000000005E-05
15.466,12.200,-0.159,6E-06,5.08560000000005E-05
15.566,12.300,-0.158,6E-06,5.14030000000005E-05
15.666,12.400,-0.157,6E-06,5.19340000000005E-05
15.766,12.500,-0.156,5E-06,5.24545000000005E-05
15.866,12.600,-0.155,8E-06,5.30340000000005E-05
15.966,12.700,-0.154,6E-06,5.35660000000005E-05
16.066,12.800,-0.153,4E-06,5.40920000000005E-05
16.166,12.900,-0.152,6E-06,5.46060000000005E-05
16.266,13.000,-0.151,6E-06,5.51450000000005E-05
16.366,13.100,-0.15,4E-06,5.56640000000005E-05
16.466,13.200,-0.149,6E-06,5.61830000000004E-05
16.566,13.300,-0.148,7E-06,5.67275000000004E-05
16.666,13.400,-0.147,5E-06,5.72665000000004E-05
16.766,13.500,-0.146,7E-06,5.78245000000005E-05
16.866,13.600,-0.145,6E-06,5.83850000000005E-05
16.966,13.700,-0.144,5E-06,5.89235000000005E-05
17.066,13.800,-0.143,7E-06,5.94875000000005E-05
17.166,13.900,-0.142,5E-06,6.00575000000005E-05
17.266,14.000,-0.141,6E-06,6.06240000000006E-05
17.366,14.100,-0.14,6E-06,6.11790000000005E-05
17.466,14.200,-0.139,5E-06,6.17465000000008E-05
17.566,14.300,-0.138,5E-06,6.23225000000009E-05
17.666,14.400,-0.137,6E-06,6.2860000000001E-05
17.766,14.500,-0.136,7E-06,6.34485000000012E-05
17.866,14.600,-0.135,5E-06,6.39805000000013E-05
17.966,14.700,-0.134,5E-06,6.45405000000014E-05
18.066,14.800,-0.133,4E-06,6.50680000000016E-05
18.166,14.900,-0.132,6E-06,6.56280000000017E-05
18.266,15.000,-0.131,7E-06,6.61775000000019E-05
18.366,15.100,-0.13,6E-06,6.67830000000021E-05
18.466,15.200,-0.129,6E-06,6.73190000000022E-05
18.566,15.300,-0.128,5E-06,6.78835000000024E-05
18.666,15.400,-0.127,7E-06,6.84635000000026E-05
18.766,15.500,-0.126,5E-06,6.90305000000028E-05
18.866,15.600,-0.125,7E-06,6.9614500000003E-05
18.966,15.700,-0.124,6E-06,7.01510000000031E-05
19.066,15.800,-0.123,5E-06,7.07225000000034E-05
19.166,15.900,-0.122,5E-06,7.12905000000035E-05
19.266,16.000,-0.121,7E-06,7.18735000000036E-05
19.366,16.100,-0.12,7E-06,7.24825000000038E-05
19.466,16.200,-0.119,7E-06,7.30615000000039E-05
19.566,16.300,-0.118,5E-06,7.36175000000041E-05
19.666,16.400,-0.117,5E-06,7.41855000000043E-05
19.766,16.500,-0.116,7E-06,7.47705000000044E-05
19.866,16.600,-0.115,5E-06,7.53735000000045E-05
19.966,16.700,-0.114,6E-06,7.59530000000047E-05
20.066,16.800,-0.113,7E-06,7.65305000000049E-05
20.166,16.900,-0.112,6E-06,7.7092000000005E-05
20.266,17.000,-0.111,5E-06,7.76505000000053E-05
20.366,17.100,-0.11,6E-06,7.82120000000054E-05
20.466,17.200,-0.109,6E-06,7.87680000000057E-05
20.566,17.300,-0.108,5E-06,7.9330500000006E-05
20.666,17.400,-0.107,6E-06,7.98890000000061E-05
20.766,17.500,-0.106,5E-06,8.04535000000063E-05
20.866,17.600,-0.105,5E-06,8.10085000000065E-05
20.966,17.700,-0.104,6E-06,8.15780000000066E-05
21.066,17.800,-0.103,7E-06,8.21275000000069E-05
21.166,17.900,-0.102,5E-06,8.26875000000071E-05
21.266,18.000,-0.101,7E-06,8.32595000000073E-05
21.366,18.100,-0.1,7E-06,8.38135000000075E-05
21.466,18.200,-0.099,5E-06,8.43745000000076E-05
21.566,18.300,-0.098,7E-06,8.49215000000078E-05
21.666,18.400,-0.097,4E-06,8.54960000000079E-05
21.766,18.500,-0.096,5E-06,8.60375000000081E-05
21.866,18.600,-0.095,6E-06,8.66230000000083E-05
21.966,18.700,-0.094,7E-06,8.72025000000085E-05
22.066,18.800,-0.093,6E-06,8.77790000000087E-05
22.166,18.900,-0.092,5E-06,8.83385000000089E-05
22.266,19.000,-0.091,6E-06,8.89210000000092E-05
22.366,19.100,-0.09,5E-06,8.94795000000093E-05
22.466,19.200,-0.089,7E-06,9.00235000000095E-05
22.566,19.300,-0.088,6E-06,9.05860000000097E-05
22.666,19.400,-0.087,5E-06,9.11285000000099E-05
22.766,19.500,-0.086,6E-06,9.17490000000099E-05
22.866,19.600,-0.085,5E-06,9.230250000001E-05
22.966,19.700,-0.084,7E-06,9.28755000000102E-05
23.066,19.800,-0.083,6E-06,9.34480000000104E-05
23.166,19.900,-0.082,5E-06,9.40105000000105E-05
23.266,20.000,-0.081,7E-06,9.45685000000107E-05
23.366,20.100,-0.08,5E-06,9.51185000000109E-05
23.466,20.200,-0.079,5E-06,9.56525000000111E-05
23.566,20.300,-0.078,7E-06,9.62335000000113E-05
23.666,20.400,-0.077,6E-06,9.68000000000115E-05
23.766,20.500,-0.076,6E-06,9.73570000000117E-05
23.866,20.600,-0.075,5E-06,9.79185000000119E-05
23.966,20.700,-0.074,6E-06,9.84810000000121E-05
24.066,20.800,-0.073,6E-06,9.90260000000122E-05
24.166,20.900,-0.072,6E-06,9.95870000000124E-05
24.266,21.000,-0.071,6E-06,0.000100180000000013
24.366,21.100,-0.07,6E-06,0.000100722000000013
24.466,21.200,-0.069,6E-06,0.000101266000000013
24.566,21.300,-0.068,6E-06,0.000101850000000013
24.666,21.400,-0.067,5E-06,0.000102413500000013
24.766,21.500,-0.066,5E-06,0.000102943500000014
24.866,21.600,-0.065,7E-06,0.000103522500000014
24.966,21.700,-0.064,5E-06,0.000104094500000014
25.066,21.800,-0.063,7E-06,0.000104640500000014
25.166,21.900,-0.062,6E-06,0.000105224000000014
25.266,22.000,-0.061,6E-06,0.000105740000000015
25.366,22.100,-0.06,7E-06,0.000106301500000015
25.466,22.200,-0.059,6E-06,0.000106831000000015
25.566,22.300,-0.058,5E-06,0.000107367500000015
25.666,22.400,-0.057,6E-06,0.000107954000000015
25.766,22.500,-0.056,5E-06,0.000108526500000016
25.866,22.600,-0.055,7E-06,0.000109074500000016
25.966,22.700,-0.054,6E-06,0.000109639000000016
26.066,22.800,-0.053,6E-06,0.000110171000000016
26.166,22.900,-0.052,4E-06,0.000110717000000016
26.266,23.000,-0.051,6E-06,0.000111284000000017
26.366,23.100,-0.05,5E-06,0.000111843500000017
26.466,23.200,-0.049,5E-06,0.000112367500000017
26.566,23.300,-0.048,6E-06,0.000112880000000017
26.666,23.400,-0.047,6E-06,0.000113434000000017
26.766,23.500,-0.046,5E-06,0.000113975500000017
26.866,23.600,-0.045,5E-06,0.000114524500000018
26.966,23.700,-0.044,4E-06,0.000115070000000018
27.066,23.800,-0.043,7E-06,0.000115613500000018
27.166,23.900,-0.042,6E-06,0.000116168000000018
27.266,24.000,-0.041,6E-06,0.000116734000000018
27.366,24.100,-0.04,5E-06,0.000117300500000019
27.466,24.200,-0.039,6E-06,0.000117852000000019
27.566,24.300,-0.038,6E-06,0.000118407000000019
27.666,24.400,-0.037,5E-06,0.000118964500000019
27.766,24.500,-0.036,6E-06,0.00011952600000002
27.866,24.600,-0.035,5E-06,0.00012009450000002
27.966,24.700,-0.034,5E-06,0.00012062950000002
28.066,24.800,-0.033,5E-06,0.00012115450000002
28.166,24.900,-0.032,6E-06,0.00012170400000002
28.266,25.000,-0.031,5E-06,0.00012229150000002
28.366,25.100,-0.03,5E-06,0.00012282850000002
28.466,25.200,-0.029,6E-06,0.00012336300000002
28.566,25.300,-0.028,5E-06,0.00012389450000002
28.666,25.400,-0.027,5E-06,0.00012441350000002
28.766,25.500,-0.026,6E-06,0.00012493900000002
28.866,25.600,-0.025,5E-06,0.00012549250000002
28.966,25.700,-0.024,6E-06,0.00012599700000002
29.066,25.800,-0.023,5E-06,0.00012651750000002
29.166,25.900,-0.022,5E-06,0.00012705550000002
29.266,26.000,-0.021,5E-06,0.00012760550000002
29.366,26.100,-0.02,6E-06,0.00012816500000002
29.466,26.200,-0.019,6E-06,0.00012871400000002
29.566,26.300,-0.018,5E-06,0.00012926050000002
29.666,26.400,-0.017,5E-06,0.000129803500000021
29.766,26.500,-0.016,6E-06,0.00013034500000002
29.866,26.600,-0.015,6E-06,0.000130893000000021
29.966,26.700,-0.014,5E-06,0.000131442500000021
30.066,26.800,-0.013,4E-06,0.000131975000000021
30.166,26.900,-0.012,4E-06,0.000132501000000021
30.266,27.000,-0.011,6E-06,0.000133023000000021
30.366,27.100,-0.01,6E-06,0.000133582000000021
30.466,27.200,-0.009,6E-06,0.000134155000000021
30.566,27.300,-0.008,7E-06,0.000134749500000021
30.666,27.400,-0.007,5E-06,0.000135281500000021
30.766,27.500,-0.006,6E-06,0.000135852000000021
30.866,27.600,-0.005,6E-06,0.000136373000000021
30.966,27.700,-0.004,5E-06,0.000136914500000021
31.066,27.800,-0.003,6E-06,0.000137453000000021
31.166,27.900,-0.002,5E-06,0.000137957500000021
31.266,28.000,-0.001,4E-06,0.000138492000000021
31.366,28.100,0,6E-06,0.000139034000000021
31.466,28.200,0.001,5E-06,0.000139562500000021
31.566,28.300,0.002,6E-06,0.000140088000000021
31.666,28.400,0.003,5E-06,0.000140599500000021
31.766,28.500,0.004,5E-06,0.000141115500000021
31.866,28.600,0.005,4E-06,0.000141611000000021
31.966,28.700,0.006,5E-06,0.000142140500000021
32.066,28.800,0.007,5E-06,0.000142680500000021
32.166,28.900,0.008,5E-06,0.000143239500000021
32.266,29.000,0.009,6E-06,0.000143791000000021
32.366,29.100,0.01,5E-06,0.000144354500000021
32.466,29.200,0.011,5E-06,0.000144892500000021
32.566,29.300,0.012,5E-06,0.000145426500000021
32.666,29.400,0.013,6E-06,0.000145953000000021
32.766,29.500,0.014,5E-06,0.000146494500000021
32.866,29.600,0.015,6E-06,0.000147036000000021
32.966,29.700,0.016,7E-06,0.000147572500000021
33.066,29.800,0.017,6E-06,0.000148115000000021
33.166,29.900,0.018,5E-06,0.000148657500000021
33.266,30.000,0.019,6E-06,0.000149152000000021
33.366,30.100,0.02,5E-06,0.000149680500000021
33.466,30.200,0.021,5E-06,0.000150184500000021
33.566,30.300,0.022,6E-06,0.000150687000000021
33.666,30.400,0.023,5E-06,0.000151231500000021
33.766,30.500,0.024,5E-06,0.000151782500000021
33.866,30.600,0.025,6E-06,0.000152321000000021
33.966,30.700,0.026,6E-06,0.000152847000000021
34.066,30.800,0.027,6E-06,0.000153395000000021
34.166,30.900,0.028,5E-06,0.000153911500000021
34.266,31.000,0.029,5E-06,0.000154443500000021
34.366,31.100,0.03,6E-06,0.000154980000000021
34.466,31.200,0.031,6E-06,0.000155466000000021
34.566,31.300,0.032,4E-06,0.000155979000000021
34.666,31.400,0.033,5E-06,0.000156499500000021
34.766,31.500,0.034,6E-06,0.00015701500000002
34.866,31.600,0.035,5E-06,0.00015753950000002
34.966,31.700,0.036,5E-06,0.00015807150000002
35.066,31.800,0.037,5E-06,0.00015858350000002
35.166,31.900,0.038,6E-06,0.00015910900000002
35.266,32.000,0.039,4E-06,0.00015961400000002
35.366,32.100,0.04,5E-06,0.00016010050000002
35.466,32.200,0.041,4E-06,0.00016062800000002
35.566,32.300,0.042,6E-06,0.000161129000000021
35.666,32.400,0.043,4E-06,0.000161638000000021
35.766,32.500,0.044,5E-06,0.000162158500000021
35.866,32.600,0.045,5E-06,0.000162665500000021
35.966,32.700,0.046,3E-06,0.000163172500000021
36.066,32.800,0.047,5E-06,0.000163657500000022
36.166,32.900,0.048,5E-06,0.000164192500000022
36.266,33.000,0.049,5E-06,0.000164752500000022
36.366,33.100,0.05,5E-06,0.000165293500000022
36.466,33.200,0.051,4E-06,0.000165810000000023
36.566,33.300,0.052,5E-06,0.000166312500000023
36.666,33.400,0.053,5E-06,0.000166818500000023
36.766,33.500,0.054,5E-06,0.000167315500000023
36.866,33.600,0.055,5E-06,0.000167816500000023
36.966,33.700,0.056,5E-06,0.000168318500000023
37.066,33.800,0.057,5E-06,0.000168829500000024
37.166,33.900,0.058,5E-06,0.000169334500000024
37.266,34.000,0.059,5E-06,0.000169851500000024
37.366,34.100,0.06,6E-06,0.000170329000000024
37.466,34.200,0.061,5E-06,0.000170856500000024
37.566,34.300,0.062,5E-06,0.000171338500000024
37.666,34.400,0.063,4E-06,0.000171842000000025
37.766,34.500,0.064,5E-06,0.000172325500000025
37.866,34.600,0.065,5E-06,0.000172848500000025
37.966,34.700,0.066,6E-06,0.000173372000000025
38.066,34.800,0.067,5E-06,0.000173882500000025
38.166,34.900,0.068,5E-06,0.000174360500000025
38.266,35.000,0.069,4E-06,0.000174895000000026
38.366,35.100,0.07,6E-06,0.000175396000000026
38.466,35.200,0.071,6E-06,0.000175883000000026
38.566,35.300,0.072,5E-06,0.000176415500000026
38.666,35.400,0.073,5E-06,0.000176892500000026
38.766,35.500,0.074,4E-06,0.000177390000000026
38.866,35.600,0.075,7E-06,0.000177882500000026
38.966,35.700,0.076,5E-06,0.000178399500000026
39.066,35.800,0.077,5E-06,0.000178890500000027
39.166,35.900,0.078,6E-06,0.000179425000000027
39.266,36.000,0.079,5E-06,0.000179927500000027
39.366,36.100,0.08,4E-06,0.000180437000000027
39.466,36.200,0.081,6E-06,0.000180969000000027
39.566,36.300,0.082,5E-06,0.000181466500000028
39.666,36.400,0.083,6E-06,0.000181951000000028
39.766,36.500,0.084,6E-06,0.000182480000000028
39.866,36.600,0.085,5E-06,0.000183012500000028
39.966,36.700,0.086,6E-06,0.000183531000000029
40.066,36.800,0.087,5E-06,0.000184031500000029
40.166,36.900,0.088,5E-06,0.000184540500000029
40.266,37.000,0.089,6E-06,0.000185094000000029
40.366,37.100,0.09,6E-06,0.000185644000000029
40.466,37.200,0.091,5E-06,0.000186182500000029
40.566,37.300,0.092,6E-06,0.000186681000000029
40.666,37.400,0.093,5E-06,0.00018716250000003
40.766,37.500,0.094,5E-06,0.00018766450000003
40.866,37.600,0.095,4E-06,0.00018817400000003
40.966,37.700,0.096,5E-06,0.00018866050000003
41.066,37.800,0.097,5E-06,0.00018914450000003
41.166,37.900,0.098,5E-06,0.00018964850000003
41.266,38.000,0.099,5E-06,0.00019015250000003
41.366,38.100,0.1,4E-06,0.00019066000000003
41.466,38.200,0.101,5E-06,0.000191167500000031
41.566,38.300,0.102,5E-06,0.000191674500000031
41.666,38.400,0.103,4E-06,0.000192223000000031
41.766,38.500,0.104,6E-06,0.000192742000000032
41.866,38.600,0.105,6E-06,0.000193254000000032
41.966,38.700,0.106,5E-06,0.000193735500000032
42.066,38.800,0.107,5E-06,0.000194219500000032
42.166,38.900,0.108,5E-06,0.000194703500000032
42.266,39.000,0.109,6E-06,0.000195227000000032
42.366,39.100,0.11,5E-06,0.000195768500000032
42.466,39.200,0.111,6E-06,0.000196275000000032
42.566,39.300,0.112,7E-06,0.000196792500000032
42.666,39.400,0.113,6E-06,0.000197306000000033
42.766,39.500,0.114,5E-06,0.000197793500000033
42.866,39.600,0.115,4E-06,0.000198287000000033
42.966,39.700,0.116,6E-06,0.000198807000000033
43.066,39.800,0.117,5E-06,0.000199330500000033
43.166,39.900,0.118,6E-06,0.000199863000000034
43.266,40.000,0.119,5E-06,0.000200377500000034
43.366,40.100,0.12,6E-06,0.000200891000000034
43.466,40.200,0.121,5E-06,0.000201396500000034
43.566,40.300,0.122,5E-06,0.000201915500000034
43.666,40.400,0.123,5E-06,0.000202394500000034
43.766,40.500,0.124,5E-06,0.000202912500000035
43.866,40.600,0.125,6E-06,0.000203448000000035
43.966,40.700,0.126,4E-06,0.000203977000000035
44.066,40.800,0.127,5E-06,0.000204474500000035
44.166,40.900,0.128,5E-06,0.000204970500000035
44.266,41.000,0.129,5E-06,0.000205445500000035
44.366,41.100,0.13,5E-06,0.000205935500000035
44.466,41.200,0.131,6E-06,0.000206448000000036
44.566,41.300,0.132,5E-06,0.000206945500000036
44.666,41.400,0.133,5E-06,0.000207406500000036
44.766,41.500,0.134,5E-06,0.000207924500000036
44.866,41.600,0.135,5E-06,0.000208419500000036
44.966,41.700,0.136,5E-06,0.000208925500000036
45.066,41.800,0.137,6E-06,0.000209426000000036
45.166,41.900,0.138,4E-06,0.000209949000000036
45.266,42.000,0.139,5E-06,0.000210453500000036
45.366,42.100,0.14,6E-06,0.000210965000000037
45.466,42.200,0.141,5E-06,0.000211482500000037
45.566,42.300,0.142,5E-06,0.000211974500000037
45.666,42.400,0.143,6E-06,0.000212458000000037
45.766,42.500,0.144,5E-06,0.000212959500000037
45.866,42.600,0.145,5E-06,0.000213458500000038
45.966,42.700,0.146,5E-06,0.000213977500000038
46.066,42.800,0.147,6E-06,0.000214473000000038
46.166,42.900,0.148,6E-06,0.000214981000000038
46.266,43.000,0.149,4E-06,0.000215486000000038
46.366,43.100,0.15,4E-06,0.000215958000000039
46.466,43.200,0.151,5E-06,0.000216472500000039
46.566,43.300,0.152,4E-06,0.000216970000000039
46.666,43.400,0.153,4E-06,0.000217450000000039
46.766,43.500,0.154,4E-06,0.000217943000000039
46.866,43.600,0.155,5E-06,0.000218441500000039
46.966,43.700,0.156,5E-06,0.000218952500000039
47.066,43.800,0.157,5E-06,0.000219425500000039
47.166,43.900,0.158,4E-06,0.00021994300000004
47.266,44.000,0.159,6E-06,0.00022044800000004
47.366,44.100,0.16,5E-06,0.00022098150000004
47.466,44.200,0.161,6E-06,0.00022150300000004
47.566,44.300,0.162,5E-06,0.00022202050000004
47.666,44.400,0.163,5E-06,0.000222531500000041
47.766,44.500,0.164,7E-06,0.000223076500000041
47.866,44.600,0.165,6E-06,0.000223598000000041
47.966,44.700,0.166,4E-06,0.000224124000000041
48.066,44.800,0.167,7E-06,0.000224642500000042
48.166,44.900,0.168,6E-06,0.000225188000000042
48.266,45.000,0.169,6E-06,0.000225693000000042
48.366,45.100,0.17,5E-06,0.000226213500000042
48.466,45.200,0.171,6E-06,0.000226724000000043
48.566,45.300,0.172,6E-06,0.000227226000000043
48.666,45.400,0.173,6E-06,0.000227718000000043
48.766,45.500,0.174,4E-06,0.000228197000000043
48.866,45.600,0.175,5E-06,0.000228698500000043
48.966,45.700,0.176,5E-06,0.000229209500000043
49.066,45.800,0.177,5E-06,0.000229704500000044
49.166,45.900,0.178,6E-06,0.000230243000000044
49.266,46.000,0.179,6E-06,0.000230731000000044
49.366,46.100,0.18,5E-06,0.000231239500000044
49.466,46.200,0.181,6E-06,0.000231766000000044
49.566,46.300,0.182,4E-06,0.000232293000000044
49.666,46.400,0.183,5E-06,0.000232810500000044
49.766,46.500,0.184,6E-06,0.000233354000000045
49.866,46.600,0.185,5E-06,0.000233851500000045
49.966,46.700,0.186,6E-06,0.000234388000000045
50.066,46.800,0.187,5E-06,0.000234930500000045
50.166,46.900,0.188,6E-06,0.000235456000000045
50.266,47.000,0.189,5E-06,0.000235994500000046
50.366,47.100,0.19,4E-06,0.000236519000000046
50.466,47.200,0.191,4E-06,0.000237038000000046
50.566,47.300,0.192,5E-06,0.000237554500000046
50.666,47.400,0.193,5E-06,0.000238099500000046
50.766,47.500,0.194,6E-06,0.000238648000000047
50.866,47.600,0.195,5E-06,0.000239153500000047
50.966,47.700,0.196,5E-06,0.000239666500000047
51.066,47.800,0.197,5E-06,0.000240187500000047
51.166,47.900,0.198,6E-06,0.000240687000000047
51.266,48.000,0.199,5E-06,0.000241213500000047
51.366,48.100,0.2,6E-06,0.000241745000000048
51.466,48.200,0.201,4E-06,0.000242265000000048
51.566,48.300,0.202,6E-06,0.000242745000000048
51.666,48.400,0.203,6E-06,0.000243283000000048
51.766,48.500,0.204,6E-06,0.000243779000000048
51.866,48.600,0.205,6E-06,0.000244304000000048
51.966,48.700,0.206,5E-06,0.000244830500000048
52.066,48.800,0.207,5E-06,0.000245363500000048
52.166,48.900,0.208,6E-06,0.000245881000000048
52.266,49.000,0.209,7E-06,0.000246395500000047
52.366,49.100,0.21,6E-06,0.000246900000000046
52.466,49.200,0.211,6E-06,0.000247427000000046
52.566,49.300,0.212,5E-06,0.000247941500000045
52.666,49.400,0.213,5E-06,0.000248446500000045
52.766,49.500,0.214,5E-06,0.000248971500000045
52.866,49.600,0.215,5E-06,0.000249491500000044
52.966,49.700,0.216,6E-06,0.000250028000000044
53.066,49.800,0.217,5E-06,0.000250562500000043
53.166,49.900,0.218,6E-06,0.000251148000000044
53.266,50.000,0.219,5E-06,0.000251667500000043
53.366,50.100,0.22,6E-06,0.000252176000000043
53.466,50.200,0.221,7E-06,0.000252725500000042
53.566,50.300,0.222,5E-06,0.000253263500000042
53.666,50.400,0.223,4E-06,0.000253769000000042
53.766,50.500,0.224,6E-06,0.000254296000000041
53.866,50.600,0.225,6E-06,0.000254845000000041
53.966,50.700,0.226,7E-06,0.000255369500000041
54.066,50.800,0.227,5E-06,0.00025592050000004
54.166,50.900,0.228,5E-06,0.00025646850000004
54.266,51.000,0.229,6E-06,0.00025696900000004
54.366,51.100,0.23,6E-06,0.00025752600000004
54.466,51.200,0.231,6E-06,0.000258057000000039
54.566,51.300,0.232,6E-06,0.000258611000000039
54.666,51.400,0.233,6E-06,0.000259139000000039
54.766,51.500,0.234,6E-06,0.000259671000000038
54.866,51.600,0.235,7E-06,0.000260200500000038
54.966,51.700,0.236,6E-06,0.000260727000000037
55.066,51.800,0.237,5E-06,0.000261252500000037
55.166,51.900,0.238,5E-06,0.000261774500000036
55.266,52.000,0.239,4E-06,0.000262323000000036
55.366,52.100,0.24,5E-06,0.000262856500000036
55.466,52.200,0.241,5E-06,0.000263388500000035
55.566,52.300,0.242,5E-06,0.000263902500000035
55.666,52.400,0.243,5E-06,0.000264437500000034
55.766,52.500,0.244,4E-06,0.000264989000000034
55.866,52.600,0.245,4E-06,0.000265506000000034
55.966,52.700,0.246,5E-06,0.000266034500000034
56.066,52.800,0.247,6E-06,0.000266559000000033
56.166,52.900,0.248,5E-06,0.000267081500000033
56.266,53.000,0.249,5E-06,0.000267632500000033
56.366,53.100,0.25,6E-06,0.000268150000000032
56.466,53.200,0.251,5E-06,0.000268674500000032
56.566,53.300,0.252,6E-06,0.000269201000000032
56.666,53.400,0.253,6E-06,0.000269758000000031
56.766,53.500,0.254,5E-06,0.000270285500000031
56.866,53.600,0.255,6E-06,0.00027081900000003
56.966,53.700,0.256,5E-06,0.00027135350000003
57.066,53.800,0.257,5E-06,0.00027186950000003
57.166,53.900,0.258,5E-06,0.00027242450000003
57.266,54.000,0.259,5E-06,0.00027294850000003
57.366,54.100,0.26,6E-06,0.000273459000000029
57.466,54.200,0.261,5E-06,0.000273989500000029
57.566,54.300,0.262,5E-06,0.000274544500000028
57.666,54.400,0.263,5E-06,0.000275064500000028
57.766,54.500,0.264,6E-06,0.000275604000000027
57.866,54.600,0.265,5E-06,0.000276174500000028
57.966,54.700,0.266,6E-06,0.000276721000000027
58.066,54.800,0.267,5E-06,0.000277285500000027
58.166,54.900,0.268,5E-06,0.000277818500000027
58.266,55.000,0.269,6E-06,0.000278354000000026
58.366,55.100,0.27,6E-06,0.000278908000000026
58.466,55.200,0.271,4E-06,0.000279410000000025
58.566,55.300,0.272,7E-06,0.000279965500000025
58.666,55.400,0.273,7E-06,0.000280492500000025
58.766,55.500,0.274,7E-06,0.000281048500000025
58.866,55.600,0.275,6E-06,0.000281613000000025
58.966,55.700,0.276,5E-06,0.000282153500000025
59.066,55.800,0.277,6E-06,0.000282688000000024
59.166,55.900,0.278,5E-06,0.000283248500000024
59.266,56.000,0.279,6E-06,0.000283797000000024
59.366,56.100,0.28,5E-06,0.000284302500000023
59.466,56.200,0.281,6E-06,0.000284866000000023
59.566,56.300,0.282,5E-06,0.000285412500000023
59.666,56.400,0.283,6E-06,0.000285954000000023
59.766,56.500,0.284,6E-06,0.000286522000000022
59.866,56.600,0.285,7E-06,0.000287035500000022
59.966,56.700,0.286,6E-06,0.000287596000000022
60.066,56.800,0.287,6E-06,0.000288137000000021
60.166,56.900,0.288,5E-06,0.000288674500000021
60.266,57.000,0.289,6E-06,0.000289205000000021
60.366,57.100,0.29,5E-06,0.000289765500000021
60.466,57.200,0.291,5E-06,0.00029031750000002
60.566,57.300,0.292,4E-06,0.000290901000000021
60.666,57.400,0.293,6E-06,0.00029142100000002
60.766,57.500,0.294,6E-06,0.00029199000000002
60.866,57.600,0.295,5E-06,0.00029253450000002
60.966,57.700,0.296,5E-06,0.00029308650000002
61.066,57.800,0.297,5E-06,0.000293616500000019
61.166,57.900,0.298,6E-06,0.000294122000000019
61.266,58.000,0.299,5E-06,0.000294666500000018
61.366,58.100,0.3,6E-06,0.000295220000000018
61.466,58.200,0.301,5E-06,0.000295770500000018
61.566,58.300,0.302,5E-06,0.000296289500000017
61.666,58.400,0.303,5E-06,0.000296837500000017
61.766,58.500,0.304,5E-06,0.000297381500000017
61.866,58.600,0.305,5E-06,0.000297920500000016
61.966,58.700,0.306,6E-06,0.000298464000000016
62.066,58.800,0.307,5E-06,0.000299003500000016
62.166,58.900,0.308,5E-06,0.000299550500000015
62.266,59.000,0.309,6E-06,0.000300065000000015
62.366,59.100,0.31,6E-06,0.000300624000000014
62.466,59.200,0.311,4E-06,0.000301158000000014
62.566,59.300,0.312,5E-06,0.000301710500000014
62.666,59.400,0.313,7E-06,0.000302224500000013
62.766,59.500,0.314,6E-06,0.000302769000000013
62.866,59.600,0.315,6E-06,0.000303328000000013
62.966,59.700,0.316,6E-06,0.000303867000000013
63.066,59.800,0.317,5E-06,0.000304445500000013
63.166,59.900,0.318,7E-06,0.000305021500000013
63.266,60.000,0.319,7E-06,0.000305573500000013
63.366,60.100,0.32,5E-06,0.000306103500000012
63.466,60.200,0.321,5E-06,0.000306633500000012
63.566,60.300,0.322,6E-06,0.000307203000000012
63.666,60.400,0.323,6E-06,0.000307749000000012
63.766,60.500,0.324,6E-06,0.000308299000000012
63.866,60.600,0.325,5E-06,0.000308831500000011
63.966,60.700,0.326,5E-06,0.000309370500000011
64.066,60.800,0.327,6E-06,0.000309917000000011
64.166,60.900,0.328,6E-06,0.00031044100000001
64.266,61.000,0.329,5E-06,0.00031097450000001
64.366,61.100,0.33,6E-06,0.000311536000000009
64.466,61.200,0.331,6E-06,0.000312083000000009
64.566,61.300,0.332,5E-06,0.000312606500000009
64.666,61.400,0.333,5E-06,0.000313153500000009
64.766,61.500,0.334,5E-06,0.000313665500000008
64.866,61.600,0.335,4E-06,0.000314225000000008
64.966,61.700,0.336,6E-06,0.000314767000000008
65.066,61.800,0.337,6E-06,0.000315316000000008
65.166,61.900,0.338,5E-06,0.000315883500000008
65.266,62.000,0.339,6E-06,0.000316439000000007
65.366,62.100,0.34,6E-06,0.000316975000000007
65.466,62.200,0.341,6E-06,0.000317573000000007
65.566,62.300,0.342,5E-06,0.000318150500000007
65.666,62.400,0.343,5E-06,0.000318706500000007
65.766,62.500,0.344,5E-06,0.000319255500000007
65.866,62.600,0.345,5E-06,0.000319810500000007
65.966,62.700,0.346,6E-06,0.000320354000000007
66.066,62.800,0.347,6E-06,0.000320898000000007
66.166,62.900,0.348,6E-06,0.000321413000000006
66.266,63.000,0.349,7E-06,0.000321970500000005
66.366,63.100,0.35,7E-06,0.000322558500000006
66.466,63.200,0.351,5E-06,0.000323117500000005
66.566,63.300,0.352,6E-06,0.000323686000000005
66.666,63.400,0.353,7E-06,0.000324211500000005
66.766,63.500,0.354,5E-06,0.000324754500000005
66.866,63.600,0.355,6E-06,0.000325336000000005
66.966,63.700,0.356,5E-06,0.000325889500000005
67.066,63.800,0.357,4E-06,0.000326392000000004
67.166,63.900,0.358,7E-06,0.000326921500000004
67.266,64.000,0.359,5E-06,0.000327462500000004
67.366,64.100,0.36,5E-06,0.000328050500000004
67.466,64.200,0.361,6E-06,0.000328610000000005
67.566,64.300,0.362,6E-06,0.000329167000000005
67.666,64.400,0.363,6E-06,0.000329727000000005
67.766,64.500,0.364,6E-06,0.000330267000000006
67.866,64.600,0.365,6E-06,0.000330850000000007
67.966,64.700,0.366,5E-06,0.000331366500000007
68.066,64.800,0.367,6E-06,0.000331931000000007
68.166,64.900,0.368,6E-06,0.000332507000000008
68.266,65.000,0.369,5E-06,0.000333039500000008
68.366,65.100,0.37,5E-06,0.000333604500000008
68.466,65.200,0.371,7E-06,0.000334177500000009
68.566,65.300,0.372,6E-06,0.00033475600000001
68.666,65.400,0.373,6E-06,0.00033531600000001
68.766,65.500,0.374,6E-06,0.000335865000000011
68.866,65.600,0.375,7E-06,0.000336412500000011
68.966,65.700,0.376,7E-06,0.000336994500000011
69.066,65.800,0.377,7E-06,0.000337581500000012
69.166,65.900,0.378,6E-06,0.000338155000000012
69.266,66.000,0.379,5E-06,0.000338727500000013
69.366,66.100,0.38,5E-06,0.000339264500000013
69.466,66.200,0.381,6E-06,0.000339819000000014
69.566,66.300,0.382,6E-06,0.000340383000000014
69.666,66.400,0.383,7E-06,0.000340982500000015
69.766,66.500,0.384,6E-06,0.000341520000000015
69.866,66.600,0.385,5E-06,0.000342111500000016
69.966,66.700,0.386,6E-06,0.000342691000000016
70.066,66.800,0.387,6E-06,0.000343247000000017
70.166,66.900,0.388,5E-06,0.000343807500000017
70.266,67.000,0.389,5E-06,0.000344392500000018
70.366,67.100,0.39,6E-06,0.000344965000000018
70.466,67.200,0.391,6E-06,0.000345564000000019
70.566,67.300,0.392,6E-06,0.000346147000000019
70.666,67.400,0.393,6E-06,0.00034670300000002
70.766,67.500,0.394,5E-06,0.00034729050000002
70.866,67.600,0.395,5E-06,0.000347857500000021
70.966,67.700,0.396,6E-06,0.000348438000000022
71.066,67.800,0.397,5E-06,0.000349027500000022
71.166,67.900,0.398,6E-06,0.000349608000000023
71.266,68.000,0.399,6E-06,0.000350145000000023
71.366,68.100,0.4,6E-06,0.000350726000000023
71.466,68.200,0.401,6E-06,0.000351286000000024
71.566,68.300,0.402,6E-06,0.000351902000000025
71.666,68.400,0.403,6E-06,0.000352482000000025
71.766,68.500,0.404,6E-06,0.000353076000000026
71.866,68.600,0.405,6E-06,0.000353670000000026
71.966,68.700,0.406,6E-06,0.000354249000000027
72.066,68.800,0.407,5E-06,0.000354860500000028
72.166,68.900,0.408,6E-06,0.000355406000000028
72.266,69.000,0.409,6E-06,0.000355984000000029
72.366,69.100,0.41,5E-06,0.000356534500000029
72.466,69.200,0.411,5E-06,0.00035712950000003
72.566,69.300,0.412,7E-06,0.00035770350000003
72.666,69.400,0.413,6E-06,0.00035827500000003
72.766,69.500,0.414,6E-06,0.000358863000000031
72.866,69.600,0.415,5E-06,0.000359430500000031
72.966,69.700,0.416,5E-06,0.000360020500000032
73.066,69.800,0.417,7E-06,0.000360612500000033
73.166,69.900,0.418,6E-06,0.000361212000000033
73.266,70.000,0.419,5E-06,0.000361813500000034
73.366,70.100,0.42,6E-06,0.000362416000000035
73.466,70.200,0.421,6E-06,0.000363030000000036
73.566,70.300,0.422,7E-06,0.000363627500000036
73.666,70.400,0.423,7E-06,0.000364203500000037
73.766,70.500,0.424,6E-06,0.000364804000000037
73.866,70.600,0.425,7E-06,0.000365410500000038
73.966,70.700,0.426,7E-06,0.000365998500000038
74.066,70.800,0.427,6E-06,0.000366581000000039
74.166,70.900,0.428,7E-06,0.000367155500000039
74.266,71.000,0.429,5E-06,0.00036776850000004
74.366,71.100,0.43,7E-06,0.00036834850000004
74.466,71.200,0.431,6E-06,0.000368931000000041
74.566,71.300,0.432,6E-06,0.000369513000000042
74.666,71.400,0.433,7E-06,0.000370126500000042
74.766,71.500,0.434,5E-06,0.000370735500000043
74.866,71.600,0.435,6E-06,0.000371307000000043
74.966,71.700,0.436,5E-06,0.000371873500000044
75.066,71.800,0.437,5E-06,0.000372464500000045
75.166,71.900,0.438,5E-06,0.000373053500000045
75.266,72.000,0.439,6E-06,0.000373682000000046
75.366,72.100,0.44,6E-06,0.000374286000000047
75.466,72.200,0.441,6E-06,0.000374929000000047
75.566,72.300,0.442,5E-06,0.000375515500000048
75.666,72.400,0.443,6E-06,0.000376089000000048
75.766,72.500,0.444,6E-06,0.000376691000000049
75.866,72.600,0.445,6E-06,0.00037733200000005
75.966,72.700,0.446,5E-06,0.00037791450000005
76.066,72.800,0.447,6E-06,0.000378552000000051
76.166,72.900,0.448,8E-06,0.000379164000000052
76.266,73.000,0.449,6E-06,0.000379771000000052
76.366,73.100,0.45,7E-06,0.000380366500000053
76.466,73.200,0.451,6E-06,0.000380962000000053
76.566,73.300,0.452,6E-06,0.000381576000000054
76.666,73.400,0.453,7E-06,0.000382190500000055
76.766,73.500,0.454,6E-06,0.000382790000000056
76.866,73.600,0.455,7E-06,0.000383383500000056
76.966,73.700,0.456,7E-06,0.000384001500000057
77.066,73.800,0.457,5E-06,0.000384611500000058
77.166,73.900,0.458,6E-06,0.000385212000000058
77.266,74.000,0.459,6E-06,0.000385810000000059
77.366,74.100,0.46,7E-06,0.000386408500000059
77.466,74.200,0.461,6E-06,0.00038700600000006
77.566,74.300,0.462,6E-06,0.000387615000000061
77.666,74.400,0.463,8E-06,0.000388248000000062
77.766,74.500,0.464,5E-06,0.000388862500000062
77.866,74.600,0.465,6E-06,0.000389460000000063
77.966,74.700,0.466,6E-06,0.000390052000000063
78.066,74.800,0.467,7E-06,0.000390708500000064
78.166,74.900,0.468,7E-06,0.000391317500000064
78.266,75.000,0.469,6E-06,0.000391946000000065
78.366,75.100,0.47,7E-06,0.000392550500000066
78.466,75.200,0.471,6E-06,0.000393149000000066
78.566,75.300,0.472,7E-06,0.000393795500000067
78.666,75.400,0.473,6E-06,0.000394441000000068
78.766,75.500,0.474,6E-06,0.000395106000000069
78.866,75.600,0.475,7E-06,0.00039571450000007
78.966,75.700,0.476,7E-06,0.00039630750000007
79.066,75.800,0.477,7E-06,0.000396951500000071
79.166,75.900,0.478,6E-06,0.000397565000000072
79.266,76.000,0.479,8E-06,0.000398174000000072
79.366,76.100,0.48,6E-06,0.000398773000000073
79.466,76.200,0.481,5E-06,0.000399375500000074
79.566,76.300,0.482,6E-06,0.000399997000000075
79.666,76.400,0.483,6E-06,0.000400596000000075
79.766,76.500,0.484,8E-06,0.000401226000000076
79.866,76.600,0.485,7E-06,0.000401846500000076
79.966,76.700,0.486,6E-06,0.000402470000000077
80.066,76.800,0.487,7E-06,0.000403085500000078
80.166,76.900,0.488,6E-06,0.000403720000000079
80.266,77.000,0.489,6E-06,0.000404365000000079
80.366,77.100,0.49,6E-06,0.00040499500000008
80.466,77.200,0.491,7E-06,0.000405653500000081
80.566,77.300,0.492,7E-06,0.000406301500000082
80.666,77.400,0.493,6E-06,0.000406936000000083
80.766,77.500,0.494,7E-06,0.000407554500000084
80.866,77.600,0.495,6E-06,0.000408183000000084
80.966,77.700,0.496,7E-06,0.000408838500000085
81.066,77.800,0.497,6E-06,0.000409474000000086
81.166,77.900,0.498,8E-06,0.000410108000000087
81.266,78.000,0.499,6E-06,0.000410764000000088
81.366,78.100,0.5,6E-06,0.000411416000000088
81.466,78.200,0.501,6E-06,0.00041208300000009
81.566,78.300,0.502,8E-06,0.00041272600000009
81.666,78.400,0.503,7E-06,0.000413370500000091
81.766,78.500,0.504,6E-06,0.000414036000000092
81.866,78.600,0.505,7E-06,0.000414679500000092
81.966,78.700,0.506,7E-06,0.000415328500000093
82.066,78.800,0.507,6E-06,0.000415977000000094
82.166,78.900,0.508,6E-06,0.000416625000000095
82.266,79.000,0.509,8E-06,0.000417289000000095
82.366,79.100,0.51,6E-06,0.000417960000000096
82.466,79.200,0.511,5E-06,0.000418646500000097
82.566,79.300,0.512,9E-06,0.000419311500000097
82.666,79.400,0.513,7E-06,0.000420018500000098
82.766,79.500,0.514,7E-06,0.000420690500000099
82.866,79.600,0.515,6E-06,0.0004213420000001
82.966,79.700,0.516,7E-06,0.000421970500000101
83.066,79.800,0.517,7E-06,0.000422633500000102
83.166,79.900,0.518,8E-06,0.000423306000000103
83.266,80.000,0.519,6E-06,0.000423980000000104
83.366,80.100,0.52,7E-06,0.000424658500000105
83.466,80.200,0.521,7E-06,0.000425325500000106
83.566,80.300,0.522,7E-06,0.000426030500000107
83.666,80.400,0.523,7E-06,0.000426748500000107
83.766,80.500,0.524,7E-06,0.000427417500000108
83.866,80.600,0.525,8E-06,0.000428100000000109
83.966,80.700,0.526,8E-06,0.00042881400000011
84.066,80.800,0.527,8E-06,0.00042950200000011
84.166,80.900,0.528,8E-06,0.00043022800000011
84.266,81.000,0.529,7E-06,0.000430939500000111
84.366,81.100,0.53,7E-06,0.000431638500000111
84.466,81.200,0.531,7E-06,0.000432353500000112
84.566,81.300,0.532,7E-06,0.000433037500000112
84.666,81.400,0.533,8E-06,0.000433768000000112
84.766,81.500,0.534,7E-06,0.000434458500000113
84.866,81.600,0.535,8E-06,0.000435170000000113
84.966,81.700,0.536,8E-06,0.000435917000000113
85.066,81.800,0.537,7E-06,0.000436611500000114
85.166,81.900,0.538,7E-06,0.000437321500000115
85.266,82.000,0.539,7E-06,0.000438045500000115
85.366,82.100,0.54,9E-06,0.000438774500000116
85.466,82.200,0.541,8E-06,0.000439508000000116
85.566,82.300,0.542,7E-06,0.000440203500000116
85.666,82.400,0.543,7E-06,0.000440933500000116
85.766,82.500,0.544,8E-06,0.000441675000000117
85.866,82.600,0.545,8E-06,0.000442420000000117
85.966,82.700,0.546,8E-06,0.000443186000000116
86.066,82.800,0.547,7E-06,0.000443922500000116
86.166,82.900,0.548,7E-06,0.000444706500000115
86.266,83.000,0.549,9E-06,0.000445477500000115
86.366,83.100,0.55,6E-06,0.000446239000000115
86.466,83.200,0.551,8E-06,0.000446998000000114
86.566,83.300,0.552,8E-06,0.000447749000000115
86.666,83.400,0.553,8E-06,0.000448505000000114
86.766,83.500,0.554,8E-06,0.000449295000000114
86.866,83.600,0.555,8E-06,0.000450071000000113
86.966,83.700,0.556,7E-06,0.000450845500000113
87.066,83.800,0.557,9E-06,0.000451623500000112
87.166,83.900,0.558,8E-06,0.000452418000000111
87.266,84.000,0.559,8E-06,0.00045321800000011
87.366,84.100,0.56,9E-06,0.000454052500000109
87.466,84.200,0.561,8E-06,0.000454869000000109
87.566,84.300,0.562,9E-06,0.000455653500000108
87.666,84.400,0.563,8E-06,0.000456480000000107
87.766,84.500,0.564,9E-06,0.000457300500000106
87.866,84.600,0.565,7E-06,0.000458082500000106
87.966,84.700,0.566,8E-06,0.000458897000000105
88.066,84.800,0.567,8E-06,0.000459697000000104
88.166,84.900,0.568,8E-06,0.000460521000000103
88.266,85.000,0.569,8E-06,0.000461349000000103
88.366,85.100,0.57,9E-06,0.000462198500000102
88.466,85.200,0.571,8E-06,0.000463030000000101
88.566,85.300,0.572,9E-06,0.0004638845000001
88.666,85.400,0.573,8E-06,0.000464736000000099
88.766,85.500,0.574,8E-06,0.000465612000000098
88.866,85.600,0.575,9E-06,0.000466494500000097
88.966,85.700,0.576,9E-06,0.000467371500000097
89.066,85.800,0.577,9E-06,0.000468250500000096
89.166,85.900,0.578,1E-05,0.000469127000000095
89.266,86.000,0.579,1E-05,0.000470013000000095
89.366,86.100,0.58,9E-06,0.000470927500000094
89.466,86.200,0.581,9E-06,0.000471853500000094
89.566,86.300,0.582,1E-05,0.000472750000000093
89.666,86.400,0.583,9E-06,0.000473695500000093
89.766,86.500,0.584,1E-05,0.000474625000000092
89.866,86.600,0.585,1.1E-05,0.000475560500000092
89.966,86.700,0.586,1E-05,0.000476486000000091
90.066,86.800,0.587,9E-06,0.000477413500000091
90.166,86.900,0.588,1E-05,0.00047835800000009
90.266,87.000,0.589,9E-06,0.00047933250000009
90.366,87.100,0.59,1.1E-05,0.00048029350000009
90.466,87.200,0.591,1E-05,0.00048130900000009
90.566,87.300,0.592,1E-05,0.00048228100000009
90.666,87.400,0.593,1E-05,0.000483279000000089
90.766,87.500,0.594,1E-05,0.000484276000000089
90.866,87.600,0.595,1.1E-05,0.000485329500000089
90.966,87.700,0.596,1E-05,0.00048637200000009
91.066,87.800,0.597,1E-05,0.00048744800000009
91.166,87.900,0.598,1.1E-05,0.00048852550000009
91.266,88.000,0.599,1.1E-05,0.00048961850000009
91.366,88.100,0.6,1.1E-05,0.00049068750000009
91.466,88.200,0.601,1.1E-05,0.000491735500000089
91.566,88.300,0.602,1.2E-05,0.000492830000000088
91.666,88.400,0.603,1.1E-05,0.000493965500000088
91.766,88.500,0.604,1.1E-05,0.000495116500000088
91.866,88.600,0.605,1.1E-05,0.000496236500000088
91.966,88.700,0.606,1.1E-05,0.000497372500000087
92.066,88.800,0.607,1.1E-05,0.000498536500000087
92.166,88.900,0.608,1.3E-05,0.000499699500000087
92.266,89.000,0.609,1.2E-05,0.000500896000000088
92.366,89.100,0.61,1.1E-05,0.000502104500000088
92.466,89.200,0.611,1.2E-05,0.000503311000000089
92.566,89.300,0.612,1.3E-05,0.00050454650000009
92.666,89.400,0.613,1.2E-05,0.00050574100000009
92.766,89.500,0.614,1.3E-05,0.000506989500000091
92.866,89.600,0.615,1.2E-05,0.000508242000000091
92.966,89.700,0.616,1.3E-05,0.000509524500000092
93.066,89.800,0.617,1.3E-05,0.000510832500000093
93.166,89.900,0.618,1.3E-05,0.000512148500000094
93.266,90.000,0.619,1.4E-05,0.000513456000000096
93.366,90.100,0.62,1.4E-05,0.000514773000000098
93.466,90.200,0.621,1.5E-05,0.000516150500000101
93.566,90.300,0.622,1.4E-05,0.000517522000000103
93.666,90.400,0.623,1.4E-05,0.000518919000000104
93.766,90.500,0.624,1.4E-05,0.000520300000000106
93.866,90.600,0.625,1.4E-05,0.000521779000000106
93.966,90.700,0.626,1.5E-05,0.000523230500000106
94.066,90.800,0.627,1.5E-05,0.000524739500000104
94.166,90.900,0.628,1.6E-05,0.000526261000000103
94.266,91.000,0.629,1.6E-05,0.000527812000000101
94.366,91.100,0.63,1.6E-05,0.000529368000000099
94.466,91.200,0.631,1.6E-05,0.000530937000000098
94.566,91.300,0.632,1.6E-05,0.000532538000000096
94.666,91.400,0.633,1.5E-05,0.000534181500000094
94.766,91.500,0.634,1.7E-05,0.000535821500000092
94.866,91.600,0.635,1.7E-05,0.000537500500000091
94.966,91.700,0.636,1.6E-05,0.00053922800000009
95.066,91.800,0.637,1.8E-05,0.000540958000000088
95.166,91.900,0.638,1.8E-05,0.000542706000000088
95.266,92.000,0.639,1.6E-05,0.000544525000000088
95.366,92.100,0.64,1.8E-05,0.000546333000000087
95.466,92.200,0.641,1.9E-05,0.000548191500000088
95.566,92.300,0.642,1.9E-05,0.000550088500000088
95.666,92.400,0.643,2.1E-05,0.000551990500000089
95.766,92.500,0.644,2.1E-05,0.000553949500000089
95.866,92.600,0.645,2E-05,0.00055592700000009
95.966,92.700,0.646,2.1E-05,0.000557954500000089
96.066,92.800,0.647,2.2E-05,0.000560037000000089
96.166,92.900,0.648,2.2E-05,0.000562161000000089
96.266,93.000,0.649,2.2E-05,0.00056433300000009
96.366,93.100,0.65,2.3E-05,0.000566525500000091
96.466,93.200,0.651,2.3E-05,0.000568797500000094
96.566,93.300,0.652,2.4E-05,0.000571115000000095
96.666,93.400,0.653,2.3E-05,0.000573482500000097
96.766,93.500,0.654,2.4E-05,0.000575867000000098
96.866,93.600,0.655,2.5E-05,0.000578325500000096
96.966,93.700,0.656,2.5E-05,0.000580824500000095
97.066,93.800,0.657,2.7E-05,0.000583409500000093
97.166,93.900,0.658,2.5E-05,0.000586043500000091
97.266,94.000,0.659,2.7E-05,0.00058868950000009
97.366,94.100,0.66,2.8E-05,0.000591422000000089
97.466,94.200,0.661,3E-05,0.000594235000000088
97.566,94.300,0.662,2.8E-05,0.000597153000000088
97.666,94.400,0.663,2.9E-05,0.000600101500000087
97.766,94.500,0.664,3.2E-05,0.000603138000000088
97.866,94.600,0.665,3.1E-05,0.000606246500000088
97.966,94.700,0.666,3.3E-05,0.000609435500000089
98.066,94.800,0.667,3.3E-05,0.000612704500000091
98.166,94.900,0.668,3.4E-05,0.000616043000000092
98.266,95.000,0.669,3.5E-05,0.000619462500000093
98.366,95.100,0.67,3.6E-05,0.000623000000000091
98.466,95.200,0.671,3.6E-05,0.000626602000000089
98.566,95.300,0.672,3.9E-05,0.000630346500000089
98.666,95.400,0.673,3.9E-05,0.000634182500000089
98.766,95.500,0.674,4.1E-05,0.000638155500000089
98.866,95.600,0.675,4.2E-05,0.000642228000000089
98.966,95.700,0.676,4.2E-05,0.000646450000000089
99.066,95.800,0.677,4.4E-05,0.000650789000000091
99.166,95.900,0.678,4.6E-05,0.000655247000000092
99.266,96.000,0.679,4.6E-05,0.00065985900000009
99.366,96.100,0.68,4.7E-05,0.000664605500000089
99.466,96.200,0.681,5E-05,0.000669499000000089
99.566,96.300,0.682,5.1E-05,0.000674542500000088
99.666,96.400,0.683,5.2E-05,0.000679738000000089
99.766,96.500,0.684,5.4E-05,0.000685087000000091
99.866,96.600,0.685,5.6E-05,0.000690629000000089
99.966,96.700,0.686,5.8E-05,0.000696354000000089
100.066,96.800,0.687,6E-05,0.000702254000000089
100.166,96.900,0.688,6.2E-05,0.00070836400000009
100.266,97.000,0.689,6.5E-05,0.000714712500000092
100.366,97.100,0.69,6.7E-05,0.00072128050000009
100.466,97.200,0.691,6.9E-05,0.000728050500000089
100.566,97.300,0.692,7.2E-05,0.00073506500000009
100.666,97.400,0.693,7.6E-05,0.000742352000000091
100.766,97.500,0.694,7.8E-05,0.000749896000000091
100.866,97.600,0.695,8E-05,0.000757709000000091
100.966,97.700,0.696,8.1E-05,0.000765788500000091
101.066,97.800,0.697,8.5E-05,0.000774138500000093
101.166,97.900,0.698,8.9E-05,0.000782784500000091
101.266,98.000,0.699,9.2E-05,0.000791685000000092
101.366,98.100,0.7,9.4E-05,0.000800952000000092
101.466,98.200,0.701,9.7E-05,0.00081050750000009
101.566,98.300,0.702,0.0001,0.00082037300000009
101.666,98.400,0.703,0.000103,0.000830579500000091
101.766,98.500,0.704,0.000107,0.000841144500000091
101.866,98.600,0.705,0.00011,0.00085206000000009
101.966,98.700,0.706,0.000115,0.00086333450000009
102.066,98.800,0.707,0.000119,0.000875000500000091
102.166,98.900,0.708,0.000122,0.000887039000000092
102.266,99.000,0.709,0.000128,0.000899520000000092
102.366,99.100,0.71,0.000129,0.000912410500000091
102.466,99.200,0.711,0.000136,0.000925747000000091
102.566,99.300,0.712,0.00014,0.000939559000000091
102.666,99.400,0.713,0.000144,0.000953796000000091
102.766,99.500,0.714,0.00015,0.000968529000000092
102.866,99.600,0.715,0.000155,0.000983747500000093
102.966,99.700,0.716,0.000159,0.000999487500000093
103.066,99.800,0.717,0.000165,0.00101574850000009
103.166,99.900,0.718,0.00017,0.00103253600000009
103.266,100.000,0.719,0.000176,0.0010499260000001
103.366,100.100,0.72,0.000182,0.0010678890000001
103.466,100.200,0.721,0.000189,0.0010864695000001
103.566,100.300,0.722,0.000196,0.0011056890000001
103.666,100.400,0.723,0.000203,0.0011255595000001
103.766,100.500,0.724,0.000208,0.0011460490000001
103.866,100.600,0.725,0.000215,0.0011672185000001
103.966,100.700,0.726,0.000221,0.0011890925000001
104.066,100.800,0.727,0.000228,0.0012116340000001
104.166,100.900,0.728,0.000237,0.0012349125000001
104.266,101.000,0.729,0.000243,0.0012589295000001
104.366,101.100,0.73,0.000252,0.0012836810000001
104.466,101.200,0.731,0.00026,0.0013092150000001
104.566,101.300,0.732,0.000267,0.0013355135000001
104.666,101.400,0.733,0.000274,0.0013625930000001
104.766,101.500,0.734,0.000284,0.0013905090000001
104.866,101.600,0.735,0.00029,0.0014192530000001
104.966,101.700,0.736,0.000301,0.0014488625000001
105.066,101.800,0.737,0.000309,0.0014793685000001
105.166,101.900,0.738,0.000319,0.0015108015000001
105.266,102.000,0.739,0.000329,0.0015431495000001
105.366,102.100,0.74,0.000337,0.0015764345000001
105.466,102.200,0.741,0.000348,0.0016106690000001
105.566,102.300,0.742,0.000356,0.0016458600000001
105.666,102.400,0.743,0.000366,0.0016820960000001
105.766,102.500,0.744,0.000378,0.0017193010000001
105.866,102.600,0.745,0.000388,0.0017576320000001
105.966,102.700,0.746,0.000399,0.0017970335000001
106.066,102.800,0.747,0.000409,0.0018375075000001
106.166,102.900,0.748,0.00042,0.0018790790000001
106.266,103.000,0.749,0.000434,0.0019218020000001
106.366,103.100,0.75,0.000444,0.0019656610000001
106.466,103.200,0.751,0.000456,0.00201067800000009
106.566,103.300,0.752,0.000467,0.0020568665000001
106.666,103.400,0.753,0.000479,0.00210424750000009
106.766,103.500,0.754,0.000492,0.0021528520000001
106.866,103.600,0.755,0.000506,0.0022027070000001
106.966,103.700,0.756,0.000518,0.0022538310000001
107.066,103.800,0.757,0.000529,0.0023062015000001
107.166,103.900,0.758,0.000542,0.0023598650000001
107.266,104.000,0.759,0.000557,0.0024148525000001
107.366,104.100,0.76,0.000568,0.0024711940000001
107.466,104.200,0.761,0.000583,0.0025289425000001
107.566,104.300,0.762,0.000597,0.0025881175000001
107.666,104.400,0.763,0.000613,0.0026486705000001
107.766,104.500,0.764,0.000626,0.00271067500000011
107.866,104.600,0.765,0.000641,0.0027740965000001
107.966,104.700,0.766,0.000656,0.0028389650000001
108.066,104.800,0.767,0.000671,0.00290530950000011
108.166,104.900,0.768,0.000685,0.0029731505000001
108.266,105.000,0.769,0.000701,0.00304250950000011
108.366,105.100,0.77,0.000715,0.0031134175000001
108.466,105.200,0.771,0.000732,0.00318586300000009
108.566,105.300,0.772,0.000747,0.0032598775000001
108.666,105.400,0.773,0.000765,0.0033355225000001
108.766,105.500,0.774,0.000781,0.0034128125000001
108.866,105.600,0.775,0.000798,0.0034917690000001
108.966,105.700,0.776,0.000814,0.0035723510000001
109.066,105.800,0.777,0.000831,0.00365459650000011
109.166,105.900,0.778,0.000846,0.0037385870000001
109.266,106.000,0.779,0.000865,0.00382420950000011
109.366,106.100,0.78,0.000882,0.0039115700000001
109.466,106.200,0.781,0.0009,0.0040006700000001
109.566,106.300,0.782,0.000917,0.00409151250000011
109.666,106.400,0.783,0.000935,0.0041840775000001
109.766,106.500,0.784,0.000953,0.00427845350000011
109.866,106.600,0.785,0.000971,0.00437469450000011
109.966,106.700,0.786,0.000988,0.0044727320000001
110.066,106.800,0.787,0.001007,0.00457254650000011
110.166,106.900,0.788,0.001027,0.0046742975000001
110.266,107.000,0.789,0.001046,0.00477803400000012
110.366,107.100,0.79,0.001065,0.00488370050000011
110.466,107.200,0.791,0.001086,0.00499131300000011
110.566,107.300,0.792,0.001104,0.00510083900000011
110.666,107.400,0.793,0.001125,0.0052123545000001
110.766,107.500,0.794,0.001145,0.00532591150000011
110.866,107.600,0.795,0.001167,0.00544159750000011
110.966,107.700,0.796,0.001186,0.0055593530000001
111.066,107.800,0.797,0.001207,0.00567919450000011
111.166,107.900,0.798,0.001229,0.0058010935000001
111.266,108.000,0.799,0.001247,0.00592504450000012
111.366,108.100,0.8,0.00127,0.00605112800000011
